實驗ID,交易方向,時間區間,多頭損益,空頭損益,總損益,MDD,勝率,參數
3164,SHORT_ONLY,11:30-12:10,0.0,-1330.4,-1330.4,3010.4,34.0%,25(15%)/50(15%)/55(20%)
3167,SHORT_ONLY,11:30-12:10,0.0,-1261.6,-1261.6,2926.6,34.0%,25(15%)/50(15%)/60(20%)
3158,SHORT_ONLY,11:30-12:10,0.0,-1194.8,-1194.8,2821.8,34.0%,25(15%)/50(10%)/60(20%)
3161,SHORT_ONLY,11:30-12:10,0.0,-1266.4,-1266.4,2850.4,34.0%,25(15%)/50(15%)/50(20%)
3152,SHORT_ONLY,11:30-12:10,0.0,-1199.5,-1199.5,2745.6,34.0%,25(15%)/50(10%)/50(20%)
3155,SHORT_ONLY,11:30-12:10,0.0,-1263.5,-1263.5,2905.6,34.0%,25(15%)/50(10%)/55(20%)
3146,SHORT_ONLY,11:30-12:10,0.0,-1439.8,-1439.8,3183.8,34.0%,25(15%)/45(15%)/55(20%)
3149,SHORT_ONLY,11:30-12:10,0.0,-1371.0,-1371.0,3100.1,34.0%,25(15%)/45(15%)/60(20%)
3140,SHORT_ONLY,11:30-12:10,0.0,-1475.7,-1475.7,3169.7,34.0%,25(15%)/45(15%)/45(20%)
3143,SHORT_ONLY,11:30-12:10,0.0,-1375.8,-1375.8,3023.8,34.0%,25(15%)/45(15%)/50(20%)
3134,SHORT_ONLY,11:30-12:10,0.0,-1375.2,-1375.2,3087.2,34.0%,25(15%)/45(10%)/55(20%)
3137,SHORT_ONLY,11:30-12:10,0.0,-1306.3,-1306.3,3003.3,34.0%,25(15%)/45(10%)/60(20%)
3131,SHORT_ONLY,11:30-12:10,0.0,-1311.2,-1311.2,2927.2,34.0%,25(15%)/45(10%)/50(20%)
3128,SHORT_ONLY,11:30-12:10,0.0,-1411.0,-1411.0,3072.9,34.0%,25(15%)/45(10%)/45(20%)
3125,SHORT_ONLY,11:30-12:10,0.0,-1453.0,-1453.0,3219.0,34.0%,25(15%)/40(15%)/60(20%)
3119,SHORT_ONLY,11:30-12:10,0.0,-1457.8,-1457.8,3142.8,34.0%,25(15%)/40(15%)/50(20%)
3122,SHORT_ONLY,11:30-12:10,0.0,-1521.8,-1521.8,3302.8,34.0%,25(15%)/40(15%)/55(20%)
3113,SHORT_ONLY,11:30-12:10,0.0,-1625.8,-1625.8,3381.8,34.0%,25(15%)/40(15%)/40(20%)
3116,SHORT_ONLY,11:30-12:10,0.0,-1557.6,-1557.6,3288.6,34.0%,25(15%)/40(15%)/45(20%)
3107,SHORT_ONLY,11:30-12:10,0.0,-1460.5,-1460.5,3211.4,34.0%,25(15%)/40(10%)/55(20%)
3110,SHORT_ONLY,11:30-12:10,0.0,-1391.7,-1391.7,3127.7,34.0%,25(15%)/40(10%)/60(20%)
3104,SHORT_ONLY,11:30-12:10,0.0,-1396.5,-1396.5,3051.4,34.0%,25(15%)/40(10%)/50(20%)
3101,SHORT_ONLY,11:30-12:10,0.0,-1496.2,-1496.2,3197.2,34.0%,25(15%)/40(10%)/45(20%)
3098,SHORT_ONLY,11:30-12:10,0.0,-1564.5,-1564.5,3290.4,34.0%,25(15%)/40(10%)/40(20%)
3095,SHORT_ONLY,11:30-12:10,0.0,-1438.0,-1438.0,3105.0,34.4%,25(15%)/35(15%)/60(20%)
3092,SHORT_ONLY,11:30-12:10,0.0,-1506.8,-1506.8,3188.8,34.4%,25(15%)/35(15%)/55(20%)
3086,SHORT_ONLY,11:30-12:10,0.0,-1542.6,-1542.6,3174.6,34.4%,25(15%)/35(15%)/45(20%)
3089,SHORT_ONLY,11:30-12:10,0.0,-1442.8,-1442.8,3028.8,34.4%,25(15%)/35(15%)/50(20%)
3080,SHORT_ONLY,11:30-12:10,0.0,-1381.5,-1381.5,3021.4,34.0%,25(15%)/35(10%)/60(20%)
3083,SHORT_ONLY,11:30-12:10,0.0,-1610.8,-1610.8,3267.8,34.4%,25(15%)/35(15%)/40(20%)
3074,SHORT_ONLY,11:30-12:10,0.0,-1386.2,-1386.2,2945.2,34.0%,25(15%)/35(10%)/50(20%)
3077,SHORT_ONLY,11:30-12:10,0.0,-1450.2,-1450.2,3105.2,34.0%,25(15%)/35(10%)/55(20%)
3071,SHORT_ONLY,11:30-12:10,0.0,-1486.0,-1486.0,3091.1,34.0%,25(15%)/35(10%)/45(20%)
3068,SHORT_ONLY,11:30-12:10,0.0,-1554.2,-1554.2,3184.2,34.0%,25(15%)/35(10%)/40(20%)
3062,SHORT_ONLY,11:30-12:10,0.0,-1257.0,-1257.0,2753.0,38.5%,25(15%)/30(15%)/55(20%)
3065,SHORT_ONLY,11:30-12:10,0.0,-1188.2,-1188.2,2669.2,38.5%,25(15%)/30(15%)/60(20%)
3056,SHORT_ONLY,11:30-12:10,0.0,-1315.2,-1315.2,2784.2,38.5%,25(15%)/30(15%)/45(20%)
3059,SHORT_ONLY,11:30-12:10,0.0,-1193.0,-1193.0,2593.0,38.5%,25(15%)/30(15%)/50(20%)
3050,SHORT_ONLY,11:30-12:10,0.0,-1135.5,-1135.5,2593.4,37.2%,25(15%)/30(10%)/60(20%)
3053,SHORT_ONLY,11:30-12:10,0.0,-1389.8,-1389.8,2889.8,38.5%,25(15%)/30(15%)/40(20%)
3047,SHORT_ONLY,11:30-12:10,0.0,-1204.2,-1204.2,2677.2,37.2%,25(15%)/30(10%)/55(20%)
3044,SHORT_ONLY,11:30-12:10,0.0,-1140.2,-1140.2,2517.2,37.2%,25(15%)/30(10%)/50(20%)
3038,SHORT_ONLY,11:30-12:10,0.0,-1337.0,-1337.0,2814.1,37.2%,25(15%)/30(10%)/40(20%)
3041,SHORT_ONLY,11:30-12:10,0.0,-1262.5,-1262.5,2708.4,37.2%,25(15%)/30(10%)/45(20%)
3035,SHORT_ONLY,11:30-12:10,0.0,-1217.2,-1217.2,2870.2,34.0%,25(10%)/50(15%)/60(20%)
3032,SHORT_ONLY,11:30-12:10,0.0,-1286.0,-1286.0,2953.9,34.0%,25(10%)/50(15%)/55(20%)
3026,SHORT_ONLY,11:30-12:10,0.0,-1150.3,-1150.3,2765.3,34.0%,25(10%)/50(10%)/60(20%)
3029,SHORT_ONLY,11:30-12:10,0.0,-1222.0,-1222.0,2793.9,34.0%,25(10%)/50(15%)/50(20%)
3020,SHORT_ONLY,11:30-12:10,0.0,-1155.1,-1155.1,2689.1,34.0%,25(10%)/50(10%)/50(20%)
3023,SHORT_ONLY,11:30-12:10,0.0,-1219.1,-1219.1,2849.1,34.0%,25(10%)/50(10%)/55(20%)
3014,SHORT_ONLY,11:30-12:10,0.0,-1395.4,-1395.4,3127.4,34.0%,25(10%)/45(15%)/55(20%)
3017,SHORT_ONLY,11:30-12:10,0.0,-1326.6,-1326.6,3043.6,34.0%,25(10%)/45(15%)/60(20%)
3008,SHORT_ONLY,11:30-12:10,0.0,-1431.2,-1431.2,3113.2,34.0%,25(10%)/45(15%)/45(20%)
3011,SHORT_ONLY,11:30-12:10,0.0,-1331.4,-1331.4,2967.4,34.0%,25(10%)/45(15%)/50(20%)
3002,SHORT_ONLY,11:30-12:10,0.0,-1330.7,-1330.7,3030.7,34.0%,25(10%)/45(10%)/55(20%)
3005,SHORT_ONLY,11:30-12:10,0.0,-1261.9,-1261.9,2946.9,34.0%,25(10%)/45(10%)/60(20%)
2996,SHORT_ONLY,11:30-12:10,0.0,-1366.5,-1366.5,3016.5,34.0%,25(10%)/45(10%)/45(20%)
2999,SHORT_ONLY,11:30-12:10,0.0,-1266.7,-1266.7,2870.7,34.0%,25(10%)/45(10%)/50(20%)
2990,SHORT_ONLY,11:30-12:10,0.0,-1477.3,-1477.3,3246.3,34.0%,25(10%)/40(15%)/55(20%)
2993,SHORT_ONLY,11:30-12:10,0.0,-1408.5,-1408.5,3162.6,34.0%,25(10%)/40(15%)/60(20%)
2987,SHORT_ONLY,11:30-12:10,0.0,-1413.3,-1413.3,3086.3,34.0%,25(10%)/40(15%)/50(20%)
2984,SHORT_ONLY,11:30-12:10,0.0,-1513.2,-1513.2,3232.2,34.0%,25(10%)/40(15%)/45(20%)
2981,SHORT_ONLY,11:30-12:10,0.0,-1581.3,-1581.3,3325.3,34.0%,25(10%)/40(15%)/40(20%)
2978,SHORT_ONLY,11:30-12:10,0.0,-1347.2,-1347.2,3071.2,34.0%,25(10%)/40(10%)/60(20%)
2975,SHORT_ONLY,11:30-12:10,0.0,-1416.0,-1416.0,3155.0,34.0%,25(10%)/40(10%)/55(20%)
2972,SHORT_ONLY,11:30-12:10,0.0,-1352.0,-1352.0,2995.0,34.0%,25(10%)/40(10%)/50(20%)
2966,SHORT_ONLY,11:30-12:10,0.0,-1520.0,-1520.0,3234.0,34.0%,25(10%)/40(10%)/40(20%)
2969,SHORT_ONLY,11:30-12:10,0.0,-1451.8,-1451.8,3140.8,34.0%,25(10%)/40(10%)/45(20%)
2960,SHORT_ONLY,11:30-12:10,0.0,-1458.5,-1458.5,3125.6,35.1%,25(10%)/35(15%)/55(20%)
2963,SHORT_ONLY,11:30-12:10,0.0,-1389.8,-1389.8,3041.8,35.1%,25(10%)/35(15%)/60(20%)
2957,SHORT_ONLY,11:30-12:10,0.0,-1394.5,-1394.5,2965.6,35.1%,25(10%)/35(15%)/50(20%)
2954,SHORT_ONLY,11:30-12:10,0.0,-1494.3,-1494.3,3111.3,35.1%,25(10%)/35(15%)/45(20%)
2951,SHORT_ONLY,11:30-12:10,0.0,-1562.5,-1562.5,3204.6,35.1%,25(10%)/35(15%)/40(20%)
2948,SHORT_ONLY,11:30-12:10,0.0,-1333.2,-1333.2,2958.2,34.4%,25(10%)/35(10%)/60(20%)
2945,SHORT_ONLY,11:30-12:10,0.0,-1402.0,-1402.0,3042.0,34.4%,25(10%)/35(10%)/55(20%)
2942,SHORT_ONLY,11:30-12:10,0.0,-1338.0,-1338.0,2882.0,34.4%,25(10%)/35(10%)/50(20%)
2939,SHORT_ONLY,11:30-12:10,0.0,-1437.8,-1437.8,3027.8,34.4%,25(10%)/35(10%)/45(20%)
2936,SHORT_ONLY,11:30-12:10,0.0,-1506.0,-1506.0,3121.0,34.4%,25(10%)/35(10%)/40(20%)
2933,SHORT_ONLY,11:30-12:10,0.0,-1131.2,-1131.2,2587.2,40.4%,25(10%)/30(15%)/60(20%)
2930,SHORT_ONLY,11:30-12:10,0.0,-1200.0,-1200.0,2670.9,40.4%,25(10%)/30(15%)/55(20%)
2927,SHORT_ONLY,11:30-12:10,0.0,-1136.0,-1136.0,2510.9,40.4%,25(10%)/30(15%)/50(20%)
2924,SHORT_ONLY,11:30-12:10,0.0,-1258.2,-1258.2,2702.2,40.4%,25(10%)/30(15%)/45(20%)
2921,SHORT_ONLY,11:30-12:10,0.0,-1332.8,-1332.8,2807.8,40.4%,25(10%)/30(15%)/40(20%)
2918,SHORT_ONLY,11:30-12:10,0.0,-1078.4,-1078.4,2511.4,38.9%,25(10%)/30(10%)/60(20%)
2915,SHORT_ONLY,11:30-12:10,0.0,-1147.2,-1147.2,2595.2,38.9%,25(10%)/30(10%)/55(20%)
2912,SHORT_ONLY,11:30-12:10,0.0,-1083.2,-1083.2,2435.2,38.9%,25(10%)/30(10%)/50(20%)
2909,SHORT_ONLY,11:30-12:10,0.0,-1205.4,-1205.4,2626.4,38.9%,25(10%)/30(10%)/45(20%)
2906,SHORT_ONLY,11:30-12:10,0.0,-1280.0,-1280.0,2732.0,38.9%,25(10%)/30(10%)/40(20%)
2903,SHORT_ONLY,11:30-12:10,0.0,-1271.6,-1271.6,2924.6,34.0%,20(15%)/50(15%)/60(20%)
2897,SHORT_ONLY,11:30-12:10,0.0,-1276.4,-1276.4,2848.4,34.0%,20(15%)/50(15%)/50(20%)
2900,SHORT_ONLY,11:30-12:10,0.0,-1340.4,-1340.4,3008.4,34.0%,20(15%)/50(15%)/55(20%)
2894,SHORT_ONLY,11:30-12:10,0.0,-1204.8,-1204.8,2819.8,34.0%,20(15%)/50(10%)/60(20%)
2891,SHORT_ONLY,11:30-12:10,0.0,-1273.5,-1273.5,2903.6,34.0%,20(15%)/50(10%)/55(20%)
2888,SHORT_ONLY,11:30-12:10,0.0,-1209.5,-1209.5,2743.6,34.0%,20(15%)/50(10%)/50(20%)
2882,SHORT_ONLY,11:30-12:10,0.0,-1449.8,-1449.8,3181.8,34.0%,20(15%)/45(15%)/55(20%)
2885,SHORT_ONLY,11:30-12:10,0.0,-1381.0,-1381.0,3098.1,34.0%,20(15%)/45(15%)/60(20%)
2876,SHORT_ONLY,11:30-12:10,0.0,-1485.7,-1485.7,3167.7,34.0%,20(15%)/45(15%)/45(20%)
2879,SHORT_ONLY,11:30-12:10,0.0,-1385.8,-1385.8,3021.8,34.0%,20(15%)/45(15%)/50(20%)
2870,SHORT_ONLY,11:30-12:10,0.0,-1385.2,-1385.2,3085.2,34.0%,20(15%)/45(10%)/55(20%)
2873,SHORT_ONLY,11:30-12:10,0.0,-1316.3,-1316.3,3001.3,34.0%,20(15%)/45(10%)/60(20%)
2864,SHORT_ONLY,11:30-12:10,0.0,-1421.0,-1421.0,3070.9,34.0%,20(15%)/45(10%)/45(20%)
2867,SHORT_ONLY,11:30-12:10,0.0,-1321.2,-1321.2,2925.2,34.0%,20(15%)/45(10%)/50(20%)
2861,SHORT_ONLY,11:30-12:10,0.0,-1463.0,-1463.0,3217.0,34.0%,20(15%)/40(15%)/60(20%)
2858,SHORT_ONLY,11:30-12:10,0.0,-1531.8,-1531.8,3300.8,34.0%,20(15%)/40(15%)/55(20%)
2852,SHORT_ONLY,11:30-12:10,0.0,-1567.6,-1567.6,3286.6,34.0%,20(15%)/40(15%)/45(20%)
2855,SHORT_ONLY,11:30-12:10,0.0,-1467.8,-1467.8,3140.8,34.0%,20(15%)/40(15%)/50(20%)
2846,SHORT_ONLY,11:30-12:10,0.0,-1401.7,-1401.7,3125.7,34.0%,20(15%)/40(10%)/60(20%)
2849,SHORT_ONLY,11:30-12:10,0.0,-1635.8,-1635.8,3379.8,34.0%,20(15%)/40(15%)/40(20%)
2840,SHORT_ONLY,11:30-12:10,0.0,-1406.5,-1406.5,3049.4,34.0%,20(15%)/40(10%)/50(20%)
2843,SHORT_ONLY,11:30-12:10,0.0,-1470.5,-1470.5,3209.4,34.0%,20(15%)/40(10%)/55(20%)
2834,SHORT_ONLY,11:30-12:10,0.0,-1574.5,-1574.5,3288.4,34.0%,20(15%)/40(10%)/40(20%)
2837,SHORT_ONLY,11:30-12:10,0.0,-1506.2,-1506.2,3195.2,34.0%,20(15%)/40(10%)/45(20%)
2828,SHORT_ONLY,11:30-12:10,0.0,-1558.1,-1558.1,3269.1,34.0%,20(15%)/35(15%)/55(20%)
2831,SHORT_ONLY,11:30-12:10,0.0,-1489.3,-1489.3,3185.3,34.0%,20(15%)/35(15%)/60(20%)
2822,SHORT_ONLY,11:30-12:10,0.0,-1593.9,-1593.9,3254.9,34.0%,20(15%)/35(15%)/45(20%)
2825,SHORT_ONLY,11:30-12:10,0.0,-1494.1,-1494.1,3109.1,34.0%,20(15%)/35(15%)/50(20%)
2816,SHORT_ONLY,11:30-12:10,0.0,-1429.0,-1429.0,3094.9,34.0%,20(15%)/35(10%)/60(20%)
2819,SHORT_ONLY,11:30-12:10,0.0,-1662.1,-1662.1,3348.1,34.0%,20(15%)/35(15%)/40(20%)
2810,SHORT_ONLY,11:30-12:10,0.0,-1433.8,-1433.8,3018.8,34.0%,20(15%)/35(10%)/50(20%)
2813,SHORT_ONLY,11:30-12:10,0.0,-1497.8,-1497.8,3178.8,34.0%,20(15%)/35(10%)/55(20%)
2804,SHORT_ONLY,11:30-12:10,0.0,-1601.8,-1601.8,3257.8,34.0%,20(15%)/35(10%)/40(20%)
2807,SHORT_ONLY,11:30-12:10,0.0,-1533.5,-1533.5,3164.6,34.0%,20(15%)/35(10%)/45(20%)
2798,SHORT_ONLY,11:30-12:10,0.0,-1367.8,-1367.8,2951.8,37.6%,20(15%)/30(15%)/55(20%)
2801,SHORT_ONLY,11:30-12:10,0.0,-1299.0,-1299.0,2868.0,37.6%,20(15%)/30(15%)/60(20%)
2792,SHORT_ONLY,11:30-12:10,0.0,-1426.0,-1426.0,2983.0,37.6%,20(15%)/30(15%)/45(20%)
2795,SHORT_ONLY,11:30-12:10,0.0,-1303.8,-1303.8,2791.8,37.6%,20(15%)/30(15%)/50(20%)
2786,SHORT_ONLY,11:30-12:10,0.0,-1242.5,-1242.5,2785.4,37.2%,20(15%)/30(10%)/60(20%)
2789,SHORT_ONLY,11:30-12:10,0.0,-1500.6,-1500.6,3088.6,37.6%,20(15%)/30(15%)/40(20%)
2780,SHORT_ONLY,11:30-12:10,0.0,-1247.2,-1247.2,2709.2,37.2%,20(15%)/30(10%)/50(20%)
2783,SHORT_ONLY,11:30-12:10,0.0,-1311.2,-1311.2,2869.2,37.2%,20(15%)/30(10%)/55(20%)
2774,SHORT_ONLY,11:30-12:10,0.0,-1444.0,-1444.0,3006.1,37.2%,20(15%)/30(10%)/40(20%)
2777,SHORT_ONLY,11:30-12:10,0.0,-1369.5,-1369.5,2900.4,37.2%,20(15%)/30(10%)/45(20%)
2768,SHORT_ONLY,11:30-12:10,0.0,-1266.5,-1266.5,2884.6,34.0%,20(10%)/50(15%)/55(20%)
2771,SHORT_ONLY,11:30-12:10,0.0,-1197.8,-1197.8,2800.8,34.0%,20(10%)/50(15%)/60(20%)
2765,SHORT_ONLY,11:30-12:10,0.0,-1202.5,-1202.5,2724.6,34.0%,20(10%)/50(15%)/50(20%)
2762,SHORT_ONLY,11:30-12:10,0.0,-1130.9,-1130.9,2695.9,34.0%,20(10%)/50(10%)/60(20%)
2759,SHORT_ONLY,11:30-12:10,0.0,-1199.7,-1199.7,2779.7,34.0%,20(10%)/50(10%)/55(20%)
2756,SHORT_ONLY,11:30-12:10,0.0,-1135.7,-1135.7,2619.7,34.0%,20(10%)/50(10%)/50(20%)
2753,SHORT_ONLY,11:30-12:10,0.0,-1307.2,-1307.2,2974.2,34.0%,20(10%)/45(15%)/60(20%)
2750,SHORT_ONLY,11:30-12:10,0.0,-1376.0,-1376.0,3058.0,34.0%,20(10%)/45(15%)/55(20%)
2744,SHORT_ONLY,11:30-12:10,0.0,-1411.8,-1411.8,3043.8,34.0%,20(10%)/45(15%)/45(20%)
2747,SHORT_ONLY,11:30-12:10,0.0,-1312.0,-1312.0,2898.0,34.0%,20(10%)/45(15%)/50(20%)
2738,SHORT_ONLY,11:30-12:10,0.0,-1311.3,-1311.3,2961.3,34.0%,20(10%)/45(10%)/55(20%)
2741,SHORT_ONLY,11:30-12:10,0.0,-1242.5,-1242.5,2877.5,34.0%,20(10%)/45(10%)/60(20%)
2735,SHORT_ONLY,11:30-12:10,0.0,-1247.3,-1247.3,2801.3,34.0%,20(10%)/45(10%)/50(20%)
2732,SHORT_ONLY,11:30-12:10,0.0,-1347.1,-1347.1,2947.1,34.0%,20(10%)/45(10%)/45(20%)
2729,SHORT_ONLY,11:30-12:10,0.0,-1389.2,-1389.2,3093.2,34.0%,20(10%)/40(15%)/60(20%)
2726,SHORT_ONLY,11:30-12:10,0.0,-1458.0,-1458.0,3176.9,34.0%,20(10%)/40(15%)/55(20%)
2723,SHORT_ONLY,11:30-12:10,0.0,-1394.0,-1394.0,3016.9,34.0%,20(10%)/40(15%)/50(20%)
2720,SHORT_ONLY,11:30-12:10,0.0,-1493.8,-1493.8,3162.8,34.0%,20(10%)/40(15%)/45(20%)
2717,SHORT_ONLY,11:30-12:10,0.0,-1562.0,-1562.0,3255.9,34.0%,20(10%)/40(15%)/40(20%)
2714,SHORT_ONLY,11:30-12:10,0.0,-1327.8,-1327.8,3001.8,34.0%,20(10%)/40(10%)/60(20%)
2708,SHORT_ONLY,11:30-12:10,0.0,-1332.6,-1332.6,2925.6,34.0%,20(10%)/40(10%)/50(20%)
2711,SHORT_ONLY,11:30-12:10,0.0,-1396.6,-1396.6,3085.6,34.0%,20(10%)/40(10%)/55(20%)
2702,SHORT_ONLY,11:30-12:10,0.0,-1500.6,-1500.6,3164.6,34.0%,20(10%)/40(10%)/40(20%)
2705,SHORT_ONLY,11:30-12:10,0.0,-1432.4,-1432.4,3071.4,34.0%,20(10%)/40(10%)/45(20%)
2696,SHORT_ONLY,11:30-12:10,0.0,-1482.2,-1482.2,3141.2,34.0%,20(10%)/35(15%)/55(20%)
2699,SHORT_ONLY,11:30-12:10,0.0,-1413.3,-1413.3,3057.3,34.0%,20(10%)/35(15%)/60(20%)
2690,SHORT_ONLY,11:30-12:10,0.0,-1518.0,-1518.0,3126.9,34.0%,20(10%)/35(15%)/45(20%)
2693,SHORT_ONLY,11:30-12:10,0.0,-1418.2,-1418.2,2981.2,34.0%,20(10%)/35(15%)/50(20%)
2687,SHORT_ONLY,11:30-12:10,0.0,-1586.2,-1586.2,3220.2,34.0%,20(10%)/35(15%)/40(20%)
2684,SHORT_ONLY,11:30-12:10,0.0,-1353.0,-1353.0,2967.0,34.0%,20(10%)/35(10%)/60(20%)
2681,SHORT_ONLY,11:30-12:10,0.0,-1421.8,-1421.8,3050.8,34.0%,20(10%)/35(10%)/55(20%)
2675,SHORT_ONLY,11:30-12:10,0.0,-1457.6,-1457.6,3036.6,34.0%,20(10%)/35(10%)/45(20%)
2678,SHORT_ONLY,11:30-12:10,0.0,-1357.8,-1357.8,2890.8,34.0%,20(10%)/35(10%)/50(20%)
2669,SHORT_ONLY,11:30-12:10,0.0,-1217.8,-1217.8,2728.8,38.3%,20(10%)/30(15%)/60(20%)
2672,SHORT_ONLY,11:30-12:10,0.0,-1525.8,-1525.8,3129.8,34.0%,20(10%)/35(10%)/40(20%)
2663,SHORT_ONLY,11:30-12:10,0.0,-1222.5,-1222.5,2652.6,38.3%,20(10%)/30(15%)/50(20%)
2666,SHORT_ONLY,11:30-12:10,0.0,-1286.5,-1286.5,2812.6,38.3%,20(10%)/30(15%)/55(20%)
2660,SHORT_ONLY,11:30-12:10,0.0,-1344.8,-1344.8,2843.8,38.3%,20(10%)/30(15%)/45(20%)
2657,SHORT_ONLY,11:30-12:10,0.0,-1419.3,-1419.3,2949.3,38.3%,20(10%)/30(15%)/40(20%)
2654,SHORT_ONLY,11:30-12:10,0.0,-1161.2,-1161.2,2646.2,37.6%,20(10%)/30(10%)/60(20%)
2651,SHORT_ONLY,11:30-12:10,0.0,-1230.0,-1230.0,2730.0,37.6%,20(10%)/30(10%)/55(20%)
2645,SHORT_ONLY,11:30-12:10,0.0,-1288.2,-1288.2,2761.2,37.6%,20(10%)/30(10%)/45(20%)
2648,SHORT_ONLY,11:30-12:10,0.0,-1166.0,-1166.0,2570.0,37.6%,20(10%)/30(10%)/50(20%)
2642,SHORT_ONLY,11:30-12:10,0.0,-1362.8,-1362.8,2866.8,37.6%,20(10%)/30(10%)/40(20%)
2639,SHORT_ONLY,11:30-12:10,0.0,-928.0,-928.0,2373.1,35.1%,15(15%)/50(15%)/60(20%)
2636,SHORT_ONLY,11:30-12:10,0.0,-996.9,-996.9,2456.8,35.1%,15(15%)/50(15%)/55(20%)
2633,SHORT_ONLY,11:30-12:10,0.0,-932.9,-932.9,2296.8,35.1%,15(15%)/50(15%)/50(20%)
2627,SHORT_ONLY,11:30-12:10,0.0,-930.0,-930.0,2352.0,35.1%,15(15%)/50(10%)/55(20%)
2630,SHORT_ONLY,11:30-12:10,0.0,-861.2,-861.2,2268.2,35.1%,15(15%)/50(10%)/60(20%)
2621,SHORT_ONLY,11:30-12:10,0.0,-1037.5,-1037.5,2546.5,35.1%,15(15%)/45(15%)/60(20%)
2624,SHORT_ONLY,11:30-12:10,0.0,-866.0,-866.0,2192.0,35.1%,15(15%)/50(10%)/50(20%)
2615,SHORT_ONLY,11:30-12:10,0.0,-1042.3,-1042.3,2470.3,35.1%,15(15%)/45(15%)/50(20%)
2618,SHORT_ONLY,11:30-12:10,0.0,-1106.3,-1106.3,2630.3,35.1%,15(15%)/45(15%)/55(20%)
2609,SHORT_ONLY,11:30-12:10,0.0,-972.8,-972.8,2449.8,35.1%,15(15%)/45(10%)/60(20%)
2612,SHORT_ONLY,11:30-12:10,0.0,-1142.1,-1142.1,2616.1,35.1%,15(15%)/45(15%)/45(20%)
2603,SHORT_ONLY,11:30-12:10,0.0,-977.6,-977.6,2373.6,35.1%,15(15%)/45(10%)/50(20%)
2606,SHORT_ONLY,11:30-12:10,0.0,-1041.6,-1041.6,2533.6,35.1%,15(15%)/45(10%)/55(20%)
2597,SHORT_ONLY,11:30-12:10,0.0,-1119.5,-1119.5,2665.4,35.1%,15(15%)/40(15%)/60(20%)
2600,SHORT_ONLY,11:30-12:10,0.0,-1077.4,-1077.4,2519.4,35.1%,15(15%)/45(10%)/45(20%)
2594,SHORT_ONLY,11:30-12:10,0.0,-1188.2,-1188.2,2749.2,35.1%,15(15%)/40(15%)/55(20%)
2591,SHORT_ONLY,11:30-12:10,0.0,-1124.2,-1124.2,2589.2,35.1%,15(15%)/40(15%)/50(20%)
2588,SHORT_ONLY,11:30-12:10,0.0,-1224.0,-1224.0,2735.1,35.1%,15(15%)/40(15%)/45(20%)
2585,SHORT_ONLY,11:30-12:10,0.0,-1292.2,-1292.2,2828.2,35.1%,15(15%)/40(15%)/40(20%)
2582,SHORT_ONLY,11:30-12:10,0.0,-1058.1,-1058.1,2574.1,35.1%,15(15%)/40(10%)/60(20%)
2579,SHORT_ONLY,11:30-12:10,0.0,-1126.9,-1126.9,2657.9,35.1%,15(15%)/40(10%)/55(20%)
2576,SHORT_ONLY,11:30-12:10,0.0,-1062.9,-1062.9,2497.9,35.1%,15(15%)/40(10%)/50(20%)
2573,SHORT_ONLY,11:30-12:10,0.0,-1162.7,-1162.7,2643.7,35.1%,15(15%)/40(10%)/45(20%)
2570,SHORT_ONLY,11:30-12:10,0.0,-1230.9,-1230.9,2736.9,35.1%,15(15%)/40(10%)/40(20%)
2567,SHORT_ONLY,11:30-12:10,0.0,-1213.8,-1213.8,2769.8,35.1%,15(15%)/35(15%)/60(20%)
2564,SHORT_ONLY,11:30-12:10,0.0,-1282.5,-1282.5,2853.6,35.1%,15(15%)/35(15%)/55(20%)
2561,SHORT_ONLY,11:30-12:10,0.0,-1218.5,-1218.5,2693.6,35.1%,15(15%)/35(15%)/50(20%)
2555,SHORT_ONLY,11:30-12:10,0.0,-1386.5,-1386.5,2932.6,35.1%,15(15%)/35(15%)/40(20%)
2558,SHORT_ONLY,11:30-12:10,0.0,-1318.3,-1318.3,2839.3,35.1%,15(15%)/35(15%)/45(20%)
2549,SHORT_ONLY,11:30-12:10,0.0,-1224.1,-1224.1,2767.1,35.1%,15(15%)/35(10%)/55(20%)
2552,SHORT_ONLY,11:30-12:10,0.0,-1155.3,-1155.3,2683.3,35.1%,15(15%)/35(10%)/60(20%)
2543,SHORT_ONLY,11:30-12:10,0.0,-1259.9,-1259.9,2752.9,35.1%,15(15%)/35(10%)/45(20%)
2546,SHORT_ONLY,11:30-12:10,0.0,-1160.1,-1160.1,2607.1,35.1%,15(15%)/35(10%)/50(20%)
2540,SHORT_ONLY,11:30-12:10,0.0,-1328.1,-1328.1,2846.1,35.1%,15(15%)/35(10%)/40(20%)
2537,SHORT_ONLY,11:30-12:10,0.0,-1007.0,-1007.0,2417.9,37.6%,15(15%)/30(15%)/60(20%)
2531,SHORT_ONLY,11:30-12:10,0.0,-1011.8,-1011.8,2341.8,38.7%,15(15%)/30(15%)/50(20%)
2534,SHORT_ONLY,11:30-12:10,0.0,-1075.8,-1075.8,2501.8,37.6%,15(15%)/30(15%)/55(20%)
2528,SHORT_ONLY,11:30-12:10,0.0,-1134.0,-1134.0,2532.9,38.7%,15(15%)/30(15%)/45(20%)
2525,SHORT_ONLY,11:30-12:10,0.0,-1208.5,-1208.5,2638.6,38.7%,15(15%)/30(15%)/40(20%)
2519,SHORT_ONLY,11:30-12:10,0.0,-1019.6,-1019.6,2421.6,38.3%,15(15%)/30(10%)/55(20%)
2522,SHORT_ONLY,11:30-12:10,0.0,-950.8,-950.8,2337.8,38.3%,15(15%)/30(10%)/60(20%)
2513,SHORT_ONLY,11:30-12:10,0.0,-1077.8,-1077.8,2452.8,38.3%,15(15%)/30(10%)/45(20%)
2516,SHORT_ONLY,11:30-12:10,0.0,-955.6,-955.6,2261.6,38.3%,15(15%)/30(10%)/50(20%)
2510,SHORT_ONLY,11:30-12:10,0.0,-1152.4,-1152.4,2558.4,38.3%,15(15%)/30(10%)/40(20%)
2507,SHORT_ONLY,11:30-12:10,0.0,-823.1,-823.1,2253.1,36.2%,15(10%)/50(15%)/60(20%)
2504,SHORT_ONLY,11:30-12:10,0.0,-891.9,-891.9,2336.9,36.2%,15(10%)/50(15%)/55(20%)
2498,SHORT_ONLY,11:30-12:10,0.0,-753.7,-753.7,2145.7,36.2%,15(10%)/50(10%)/60(20%)
2501,SHORT_ONLY,11:30-12:10,0.0,-827.9,-827.9,2176.9,36.2%,15(10%)/50(15%)/50(20%)
2492,SHORT_ONLY,11:30-12:10,0.0,-758.5,-758.5,2069.5,36.2%,15(10%)/50(10%)/50(20%)
2495,SHORT_ONLY,11:30-12:10,0.0,-822.5,-822.5,2229.5,36.2%,15(10%)/50(10%)/55(20%)
2489,SHORT_ONLY,11:30-12:10,0.0,-932.5,-932.5,2426.6,36.2%,15(10%)/45(15%)/60(20%)
2486,SHORT_ONLY,11:30-12:10,0.0,-1001.4,-1001.4,2510.3,36.2%,15(10%)/45(15%)/55(20%)
2483,SHORT_ONLY,11:30-12:10,0.0,-937.4,-937.4,2350.3,36.2%,15(10%)/45(15%)/50(20%)
2480,SHORT_ONLY,11:30-12:10,0.0,-1037.2,-1037.2,2496.2,36.2%,15(10%)/45(15%)/45(20%)
2474,SHORT_ONLY,11:30-12:10,0.0,-934.1,-934.1,2411.1,36.2%,15(10%)/45(10%)/55(20%)
2477,SHORT_ONLY,11:30-12:10,0.0,-865.3,-865.3,2327.3,36.2%,15(10%)/45(10%)/60(20%)
2471,SHORT_ONLY,11:30-12:10,0.0,-870.1,-870.1,2251.1,36.2%,15(10%)/45(10%)/50(20%)
2468,SHORT_ONLY,11:30-12:10,0.0,-969.9,-969.9,2396.9,36.2%,15(10%)/45(10%)/45(20%)
2462,SHORT_ONLY,11:30-12:10,0.0,-1083.3,-1083.3,2629.3,36.2%,15(10%)/40(15%)/55(20%)
2465,SHORT_ONLY,11:30-12:10,0.0,-1014.5,-1014.5,2545.5,36.2%,15(10%)/40(15%)/60(20%)
2459,SHORT_ONLY,11:30-12:10,0.0,-1019.3,-1019.3,2469.3,36.2%,15(10%)/40(15%)/50(20%)
2456,SHORT_ONLY,11:30-12:10,0.0,-1119.1,-1119.1,2615.1,36.2%,15(10%)/40(15%)/45(20%)
2453,SHORT_ONLY,11:30-12:10,0.0,-1187.3,-1187.3,2708.3,36.2%,15(10%)/40(15%)/40(20%)
2450,SHORT_ONLY,11:30-12:10,0.0,-950.6,-950.6,2451.6,36.2%,15(10%)/40(10%)/60(20%)
2441,SHORT_ONLY,11:30-12:10,0.0,-1055.2,-1055.2,2521.2,36.2%,15(10%)/40(10%)/45(20%)
2447,SHORT_ONLY,11:30-12:10,0.0,-1019.4,-1019.4,2535.4,36.2%,15(10%)/40(10%)/55(20%)
2444,SHORT_ONLY,11:30-12:10,0.0,-955.4,-955.4,2375.4,36.2%,15(10%)/40(10%)/50(20%)
2438,SHORT_ONLY,11:30-12:10,0.0,-1123.4,-1123.4,2614.4,36.2%,15(10%)/40(10%)/40(20%)
2435,SHORT_ONLY,11:30-12:10,0.0,-1108.8,-1108.8,2649.8,36.2%,15(10%)/35(15%)/60(20%)
2429,SHORT_ONLY,11:30-12:10,0.0,-1113.6,-1113.6,2573.6,36.2%,15(10%)/35(15%)/50(20%)
2432,SHORT_ONLY,11:30-12:10,0.0,-1177.6,-1177.6,2733.6,36.2%,15(10%)/35(15%)/55(20%)
2423,SHORT_ONLY,11:30-12:10,0.0,-1281.6,-1281.6,2812.6,36.2%,15(10%)/35(15%)/40(20%)
2426,SHORT_ONLY,11:30-12:10,0.0,-1213.4,-1213.4,2719.4,36.2%,15(10%)/35(15%)/45(20%)
2417,SHORT_ONLY,11:30-12:10,0.0,-1116.6,-1116.6,2644.6,36.2%,15(10%)/35(10%)/55(20%)
2420,SHORT_ONLY,11:30-12:10,0.0,-1047.8,-1047.8,2560.8,36.2%,15(10%)/35(10%)/60(20%)
2414,SHORT_ONLY,11:30-12:10,0.0,-1052.6,-1052.6,2484.6,36.2%,15(10%)/35(10%)/50(20%)
2411,SHORT_ONLY,11:30-12:10,0.0,-1152.4,-1152.4,2630.4,36.2%,15(10%)/35(10%)/45(20%)
2408,SHORT_ONLY,11:30-12:10,0.0,-1220.6,-1220.6,2723.6,36.2%,15(10%)/35(10%)/40(20%)
2405,SHORT_ONLY,11:30-12:10,0.0,-896.7,-896.7,2287.7,39.4%,15(10%)/30(15%)/60(20%)
2399,SHORT_ONLY,11:30-12:10,0.0,-901.5,-901.5,2211.5,40.4%,15(10%)/30(15%)/50(20%)
2402,SHORT_ONLY,11:30-12:10,0.0,-965.5,-965.5,2371.5,39.4%,15(10%)/30(15%)/55(20%)
2393,SHORT_ONLY,11:30-12:10,0.0,-1098.3,-1098.3,2508.3,40.4%,15(10%)/30(15%)/40(20%)
2396,SHORT_ONLY,11:30-12:10,0.0,-1023.7,-1023.7,2402.7,40.4%,15(10%)/30(15%)/45(20%)
2387,SHORT_ONLY,11:30-12:10,0.0,-906.8,-906.8,2287.8,39.8%,15(10%)/30(10%)/55(20%)
2390,SHORT_ONLY,11:30-12:10,0.0,-838.0,-838.0,2204.0,39.8%,15(10%)/30(10%)/60(20%)
2381,SHORT_ONLY,11:30-12:10,0.0,-965.0,-965.0,2319.0,39.8%,15(10%)/30(10%)/45(20%)
2384,SHORT_ONLY,11:30-12:10,0.0,-842.8,-842.8,2127.8,39.8%,15(10%)/30(10%)/50(20%)
2378,SHORT_ONLY,11:30-12:10,0.0,-1039.6,-1039.6,2424.6,39.8%,15(10%)/30(10%)/40(20%)
2375,SHORT_ONLY,10:30-11:15,0.0,-1077.2,-1077.2,2288.2,41.2%,25(15%)/50(15%)/60(20%)
2372,SHORT_ONLY,10:30-11:15,0.0,-1082.0,-1082.0,2313.1,41.2%,25(15%)/50(15%)/55(20%)
2369,SHORT_ONLY,10:30-11:15,0.0,-1185.2,-1185.2,2444.2,41.2%,25(15%)/50(15%)/50(20%)
2366,SHORT_ONLY,10:30-11:15,0.0,-999.2,-999.2,2172.2,41.2%,25(15%)/50(10%)/60(20%)
2363,SHORT_ONLY,10:30-11:15,0.0,-1004.0,-1004.0,2197.0,41.2%,25(15%)/50(10%)/55(20%)
2357,SHORT_ONLY,10:30-11:15,0.0,-1065.7,-1065.7,2182.7,41.2%,25(15%)/45(15%)/60(20%)
2360,SHORT_ONLY,10:30-11:15,0.0,-1107.2,-1107.2,2328.2,41.2%,25(15%)/50(10%)/50(20%)
2351,SHORT_ONLY,10:30-11:15,0.0,-1173.7,-1173.7,2338.7,41.2%,25(15%)/45(15%)/50(20%)
2354,SHORT_ONLY,10:30-11:15,0.0,-1070.5,-1070.5,2207.4,41.2%,25(15%)/45(15%)/55(20%)
2348,SHORT_ONLY,10:30-11:15,0.0,-1169.7,-1169.7,2240.7,42.5%,25(15%)/45(15%)/45(20%)
2345,SHORT_ONLY,10:30-11:15,0.0,-992.8,-992.8,2077.8,41.2%,25(15%)/45(10%)/60(20%)
2342,SHORT_ONLY,10:30-11:15,0.0,-997.6,-997.6,2102.6,41.2%,25(15%)/45(10%)/55(20%)
2339,SHORT_ONLY,10:30-11:15,0.0,-1100.8,-1100.8,2233.8,41.2%,25(15%)/45(10%)/50(20%)
2336,SHORT_ONLY,10:30-11:15,0.0,-1096.8,-1096.8,2135.8,42.5%,25(15%)/45(10%)/45(20%)
2333,SHORT_ONLY,10:30-11:15,0.0,-952.5,-952.5,2064.6,43.8%,25(15%)/40(15%)/60(20%)
2330,SHORT_ONLY,10:30-11:15,0.0,-957.4,-957.4,2089.3,43.8%,25(15%)/40(15%)/55(20%)
2324,SHORT_ONLY,10:30-11:15,0.0,-1056.5,-1056.5,2122.6,45.0%,25(15%)/40(15%)/45(20%)
2327,SHORT_ONLY,10:30-11:15,0.0,-1060.5,-1060.5,2220.6,43.8%,25(15%)/40(15%)/50(20%)
2318,SHORT_ONLY,10:30-11:15,0.0,-874.0,-874.0,1947.0,43.8%,25(15%)/40(10%)/60(20%)
2321,SHORT_ONLY,10:30-11:15,0.0,-915.4,-915.4,1907.3,46.2%,25(15%)/40(15%)/40(20%)
2312,SHORT_ONLY,10:30-11:15,0.0,-982.0,-982.0,2103.0,43.8%,25(15%)/40(10%)/50(20%)
2315,SHORT_ONLY,10:30-11:15,0.0,-878.8,-878.8,1971.8,43.8%,25(15%)/40(10%)/55(20%)
2306,SHORT_ONLY,10:30-11:15,0.0,-836.8,-836.8,1789.8,46.2%,25(15%)/40(10%)/40(20%)
2309,SHORT_ONLY,10:30-11:15,0.0,-978.0,-978.0,2005.0,45.0%,25(15%)/40(10%)/45(20%)
2300,SHORT_ONLY,10:30-11:15,0.0,-872.5,-872.5,1871.5,47.5%,25(15%)/35(15%)/55(20%)
2303,SHORT_ONLY,10:30-11:15,0.0,-867.7,-867.7,1866.7,47.5%,25(15%)/35(15%)/60(20%)
2294,SHORT_ONLY,10:30-11:15,0.0,-971.7,-971.7,1895.7,48.8%,25(15%)/35(15%)/45(20%)
2297,SHORT_ONLY,10:30-11:15,0.0,-975.7,-975.7,2002.7,47.5%,25(15%)/35(15%)/50(20%)
2291,SHORT_ONLY,10:30-11:15,0.0,-830.5,-830.5,1668.5,50.0%,25(15%)/35(15%)/40(20%)
2288,SHORT_ONLY,10:30-11:15,0.0,-792.6,-792.6,1763.6,47.5%,25(15%)/35(10%)/60(20%)
2285,SHORT_ONLY,10:30-11:15,0.0,-797.4,-797.4,1768.4,47.5%,25(15%)/35(10%)/55(20%)
2282,SHORT_ONLY,10:30-11:15,0.0,-900.6,-900.6,1899.6,47.5%,25(15%)/35(10%)/50(20%)
2279,SHORT_ONLY,10:30-11:15,0.0,-896.6,-896.6,1792.6,48.8%,25(15%)/35(10%)/45(20%)
2276,SHORT_ONLY,10:30-11:15,0.0,-755.4,-755.4,1555.4,50.0%,25(15%)/35(10%)/40(20%)
2273,SHORT_ONLY,10:30-11:15,0.0,-696.7,-696.7,1581.7,50.6%,25(15%)/30(15%)/60(20%)
2270,SHORT_ONLY,10:30-11:15,0.0,-701.5,-701.5,1586.5,50.6%,25(15%)/30(15%)/55(20%)
2264,SHORT_ONLY,10:30-11:15,0.0,-800.7,-800.7,1610.7,51.9%,25(15%)/30(15%)/45(20%)
2267,SHORT_ONLY,10:30-11:15,0.0,-804.7,-804.7,1717.7,50.6%,25(15%)/30(15%)/50(20%)
2261,SHORT_ONLY,10:30-11:15,0.0,-688.8,-688.8,1428.0,53.2%,25(15%)/30(15%)/40(20%)
2258,SHORT_ONLY,10:30-11:15,0.0,-613.6,-613.6,1555.0,50.0%,25(15%)/30(10%)/60(20%)
2252,SHORT_ONLY,10:30-11:15,0.0,-721.6,-721.6,1606.6,50.0%,25(15%)/30(10%)/50(20%)
2255,SHORT_ONLY,10:30-11:15,0.0,-618.4,-618.4,1555.0,50.0%,25(15%)/30(10%)/55(20%)
2249,SHORT_ONLY,10:30-11:15,0.0,-717.6,-717.6,1499.6,51.2%,25(15%)/30(10%)/45(20%)
2246,SHORT_ONLY,10:30-11:15,0.0,-615.4,-615.4,1418.0,52.5%,25(15%)/30(10%)/40(20%)
2243,SHORT_ONLY,10:30-11:15,0.0,-1018.1,-1018.1,2222.2,41.2%,25(10%)/50(15%)/60(20%)
2240,SHORT_ONLY,10:30-11:15,0.0,-1023.0,-1023.0,2246.9,41.2%,25(10%)/50(15%)/55(20%)
2234,SHORT_ONLY,10:30-11:15,0.0,-940.1,-940.1,2106.1,41.2%,25(10%)/50(10%)/60(20%)
2237,SHORT_ONLY,10:30-11:15,0.0,-1126.2,-1126.2,2378.2,41.2%,25(10%)/50(15%)/50(20%)
2228,SHORT_ONLY,10:30-11:15,0.0,-1048.1,-1048.1,2262.1,41.2%,25(10%)/50(10%)/50(20%)
2231,SHORT_ONLY,10:30-11:15,0.0,-944.9,-944.9,2130.9,41.2%,25(10%)/50(10%)/55(20%)
2222,SHORT_ONLY,10:30-11:15,0.0,-1008.6,-1008.6,2135.7,41.2%,25(10%)/45(15%)/55(20%)
2225,SHORT_ONLY,10:30-11:15,0.0,-1003.9,-1003.9,2110.8,41.2%,25(10%)/45(15%)/60(20%)
2216,SHORT_ONLY,10:30-11:15,0.0,-1107.8,-1107.8,2168.8,42.5%,25(10%)/45(15%)/45(20%)
2219,SHORT_ONLY,10:30-11:15,0.0,-1111.8,-1111.8,2266.8,41.2%,25(10%)/45(15%)/50(20%)
2210,SHORT_ONLY,10:30-11:15,0.0,-935.8,-935.8,2030.8,41.2%,25(10%)/45(10%)/55(20%)
2213,SHORT_ONLY,10:30-11:15,0.0,-931.0,-931.0,2006.0,41.2%,25(10%)/45(10%)/60(20%)
2204,SHORT_ONLY,10:30-11:15,0.0,-1035.0,-1035.0,2064.0,42.5%,25(10%)/45(10%)/45(20%)
2207,SHORT_ONLY,10:30-11:15,0.0,-1039.0,-1039.0,2162.0,41.2%,25(10%)/45(10%)/50(20%)
2201,SHORT_ONLY,10:30-11:15,0.0,-897.6,-897.6,1996.7,43.8%,25(10%)/40(15%)/60(20%)
2198,SHORT_ONLY,10:30-11:15,0.0,-902.5,-902.5,2021.5,43.8%,25(10%)/40(15%)/55(20%)
2195,SHORT_ONLY,10:30-11:15,0.0,-1005.6,-1005.6,2152.7,43.8%,25(10%)/40(15%)/50(20%)
2189,SHORT_ONLY,10:30-11:15,0.0,-860.5,-860.5,1839.5,46.2%,25(10%)/40(15%)/40(20%)
2192,SHORT_ONLY,10:30-11:15,0.0,-1001.6,-1001.6,2054.7,45.0%,25(10%)/40(15%)/45(20%)
2186,SHORT_ONLY,10:30-11:15,0.0,-819.1,-819.1,1879.1,43.8%,25(10%)/40(10%)/60(20%)
2183,SHORT_ONLY,10:30-11:15,0.0,-823.9,-823.9,1903.9,43.8%,25(10%)/40(10%)/55(20%)
2180,SHORT_ONLY,10:30-11:15,0.0,-927.1,-927.1,2035.1,43.8%,25(10%)/40(10%)/50(20%)
2177,SHORT_ONLY,10:30-11:15,0.0,-923.1,-923.1,1937.1,45.0%,25(10%)/40(10%)/45(20%)
2171,SHORT_ONLY,10:30-11:15,0.0,-805.3,-805.3,1786.3,47.5%,25(10%)/35(15%)/60(20%)
2174,SHORT_ONLY,10:30-11:15,0.0,-781.9,-781.9,1721.9,46.2%,25(10%)/40(10%)/40(20%)
2168,SHORT_ONLY,10:30-11:15,0.0,-810.1,-810.1,1791.1,47.5%,25(10%)/35(15%)/55(20%)
2165,SHORT_ONLY,10:30-11:15,0.0,-913.3,-913.3,1922.3,47.5%,25(10%)/35(15%)/50(20%)
2159,SHORT_ONLY,10:30-11:15,0.0,-768.1,-768.1,1584.1,50.0%,25(10%)/35(15%)/40(20%)
2162,SHORT_ONLY,10:30-11:15,0.0,-909.3,-909.3,1815.3,48.8%,25(10%)/35(15%)/45(20%)
2156,SHORT_ONLY,10:30-11:15,0.0,-730.2,-730.2,1683.2,47.5%,25(10%)/35(10%)/60(20%)
2153,SHORT_ONLY,10:30-11:15,0.0,-735.0,-735.0,1688.0,47.5%,25(10%)/35(10%)/55(20%)
2150,SHORT_ONLY,10:30-11:15,0.0,-838.2,-838.2,1819.2,47.5%,25(10%)/35(10%)/50(20%)
2147,SHORT_ONLY,10:30-11:15,0.0,-834.2,-834.2,1712.2,48.8%,25(10%)/35(10%)/45(20%)
2141,SHORT_ONLY,10:30-11:15,0.0,-628.5,-628.5,1560.0,52.5%,25(10%)/30(15%)/60(20%)
2144,SHORT_ONLY,10:30-11:15,0.0,-693.0,-693.0,1484.0,50.0%,25(10%)/35(10%)/40(20%)
2138,SHORT_ONLY,10:30-11:15,0.0,-633.3,-633.3,1560.0,52.5%,25(10%)/30(15%)/55(20%)
2135,SHORT_ONLY,10:30-11:15,0.0,-736.5,-736.5,1628.5,52.5%,25(10%)/30(15%)/50(20%)
2132,SHORT_ONLY,10:30-11:15,0.0,-732.5,-732.5,1521.5,53.8%,25(10%)/30(15%)/45(20%)
2129,SHORT_ONLY,10:30-11:15,0.0,-620.6,-620.6,1423.0,53.8%,25(10%)/30(15%)/40(20%)
2126,SHORT_ONLY,10:30-11:15,0.0,-545.4,-545.4,1550.0,51.3%,25(10%)/30(10%)/60(20%)
2123,SHORT_ONLY,10:30-11:15,0.0,-550.2,-550.2,1550.0,51.3%,25(10%)/30(10%)/55(20%)
2117,SHORT_ONLY,10:30-11:15,0.0,-649.4,-649.4,1447.0,52.6%,25(10%)/30(10%)/45(20%)
2120,SHORT_ONLY,10:30-11:15,0.0,-653.4,-653.4,1550.0,51.3%,25(10%)/30(10%)/50(20%)
2114,SHORT_ONLY,10:30-11:15,0.0,-547.2,-547.2,1413.0,53.2%,25(10%)/30(10%)/40(20%)
2111,SHORT_ONLY,10:30-11:15,0.0,-1014.5,-1014.5,2282.6,41.2%,20(15%)/50(15%)/60(20%)
2105,SHORT_ONLY,10:30-11:15,0.0,-1122.5,-1122.5,2438.6,41.2%,20(15%)/50(15%)/50(20%)
2108,SHORT_ONLY,10:30-11:15,0.0,-1019.4,-1019.4,2307.3,41.2%,20(15%)/50(15%)/55(20%)
2099,SHORT_ONLY,10:30-11:15,0.0,-941.3,-941.3,2191.3,41.2%,20(15%)/50(10%)/55(20%)
2102,SHORT_ONLY,10:30-11:15,0.0,-936.5,-936.5,2166.5,41.2%,20(15%)/50(10%)/60(20%)
2093,SHORT_ONLY,10:30-11:15,0.0,-1003.0,-1003.0,2176.9,41.2%,20(15%)/45(15%)/60(20%)
2096,SHORT_ONLY,10:30-11:15,0.0,-1044.5,-1044.5,2322.5,41.2%,20(15%)/50(10%)/50(20%)
2087,SHORT_ONLY,10:30-11:15,0.0,-1111.0,-1111.0,2332.9,41.2%,20(15%)/45(15%)/50(20%)
2090,SHORT_ONLY,10:30-11:15,0.0,-1007.8,-1007.8,2201.8,41.2%,20(15%)/45(15%)/55(20%)
2081,SHORT_ONLY,10:30-11:15,0.0,-930.1,-930.1,2072.1,41.2%,20(15%)/45(10%)/60(20%)
2084,SHORT_ONLY,10:30-11:15,0.0,-1107.0,-1107.0,2234.9,42.5%,20(15%)/45(15%)/45(20%)
2078,SHORT_ONLY,10:30-11:15,0.0,-934.9,-934.9,2096.9,41.2%,20(15%)/45(10%)/55(20%)
2075,SHORT_ONLY,10:30-11:15,0.0,-1038.1,-1038.1,2228.1,41.2%,20(15%)/45(10%)/50(20%)
2072,SHORT_ONLY,10:30-11:15,0.0,-1034.1,-1034.1,2130.1,42.5%,20(15%)/45(10%)/45(20%)
2066,SHORT_ONLY,10:30-11:15,0.0,-921.9,-921.9,2125.8,43.8%,20(15%)/40(15%)/55(20%)
2069,SHORT_ONLY,10:30-11:15,0.0,-917.0,-917.0,2101.1,43.8%,20(15%)/40(15%)/60(20%)
2060,SHORT_ONLY,10:30-11:15,0.0,-1021.0,-1021.0,2159.1,45.0%,20(15%)/40(15%)/45(20%)
2063,SHORT_ONLY,10:30-11:15,0.0,-1025.0,-1025.0,2257.1,43.8%,20(15%)/40(15%)/50(20%)
2057,SHORT_ONLY,10:30-11:15,0.0,-879.9,-879.9,1943.8,46.2%,20(15%)/40(15%)/40(20%)
2054,SHORT_ONLY,10:30-11:15,0.0,-838.5,-838.5,1983.5,43.8%,20(15%)/40(10%)/60(20%)
2048,SHORT_ONLY,10:30-11:15,0.0,-946.5,-946.5,2139.5,43.8%,20(15%)/40(10%)/50(20%)
2051,SHORT_ONLY,10:30-11:15,0.0,-843.3,-843.3,2008.3,43.8%,20(15%)/40(10%)/55(20%)
2045,SHORT_ONLY,10:30-11:15,0.0,-942.5,-942.5,2041.5,45.0%,20(15%)/40(10%)/45(20%)
2042,SHORT_ONLY,10:30-11:15,0.0,-801.3,-801.3,1826.3,46.2%,20(15%)/40(10%)/40(20%)
2036,SHORT_ONLY,10:30-11:15,0.0,-856.2,-856.2,1940.2,47.5%,20(15%)/35(15%)/55(20%)
2039,SHORT_ONLY,10:30-11:15,0.0,-851.4,-851.4,1935.4,47.5%,20(15%)/35(15%)/60(20%)
2033,SHORT_ONLY,10:30-11:15,0.0,-959.4,-959.4,2071.4,47.5%,20(15%)/35(15%)/50(20%)
2030,SHORT_ONLY,10:30-11:15,0.0,-955.4,-955.4,1964.4,48.8%,20(15%)/35(15%)/45(20%)
2027,SHORT_ONLY,10:30-11:15,0.0,-810.3,-810.3,1734.3,50.0%,20(15%)/35(15%)/40(20%)
2024,SHORT_ONLY,10:30-11:15,0.0,-772.4,-772.4,1824.4,47.5%,20(15%)/35(10%)/60(20%)
2018,SHORT_ONLY,10:30-11:15,0.0,-880.4,-880.4,1960.4,47.5%,20(15%)/35(10%)/50(20%)
2021,SHORT_ONLY,10:30-11:15,0.0,-777.2,-777.2,1829.2,47.5%,20(15%)/35(10%)/55(20%)
2015,SHORT_ONLY,10:30-11:15,0.0,-876.4,-876.4,1853.4,48.8%,20(15%)/35(10%)/45(20%)
2012,SHORT_ONLY,10:30-11:15,0.0,-735.2,-735.2,1621.2,50.0%,20(15%)/35(10%)/40(20%)
2009,SHORT_ONLY,10:30-11:15,0.0,-708.0,-708.0,1718.0,50.6%,20(15%)/30(15%)/60(20%)
2003,SHORT_ONLY,10:30-11:15,0.0,-816.0,-816.0,1854.0,50.6%,20(15%)/30(15%)/50(20%)
2006,SHORT_ONLY,10:30-11:15,0.0,-712.8,-712.8,1722.8,50.6%,20(15%)/30(15%)/55(20%)
2000,SHORT_ONLY,10:30-11:15,0.0,-812.0,-812.0,1747.0,51.9%,20(15%)/30(15%)/45(20%)
1997,SHORT_ONLY,10:30-11:15,0.0,-677.1,-677.1,1504.1,53.2%,20(15%)/30(15%)/40(20%)
1994,SHORT_ONLY,10:30-11:15,0.0,-637.6,-637.6,1619.6,50.0%,20(15%)/30(10%)/60(20%)
1991,SHORT_ONLY,10:30-11:15,0.0,-642.4,-642.4,1624.4,50.0%,20(15%)/30(10%)/55(20%)
1988,SHORT_ONLY,10:30-11:15,0.0,-745.6,-745.6,1755.6,50.0%,20(15%)/30(10%)/50(20%)
1985,SHORT_ONLY,10:30-11:15,0.0,-741.6,-741.6,1648.6,51.2%,20(15%)/30(10%)/45(20%)
1976,SHORT_ONLY,10:30-11:15,0.0,-985.0,-985.0,2262.9,41.2%,20(10%)/50(15%)/55(20%)
1982,SHORT_ONLY,10:30-11:15,0.0,-603.7,-603.7,1442.0,52.5%,20(15%)/30(10%)/40(20%)
1979,SHORT_ONLY,10:30-11:15,0.0,-980.1,-980.1,2238.2,41.2%,20(10%)/50(15%)/60(20%)
1970,SHORT_ONLY,10:30-11:15,0.0,-902.1,-902.1,2122.1,41.2%,20(10%)/50(10%)/60(20%)
1973,SHORT_ONLY,10:30-11:15,0.0,-1088.2,-1088.2,2394.2,41.2%,20(10%)/50(15%)/50(20%)
1967,SHORT_ONLY,10:30-11:15,0.0,-906.9,-906.9,2146.9,41.2%,20(10%)/50(10%)/55(20%)
1964,SHORT_ONLY,10:30-11:15,0.0,-1010.1,-1010.1,2278.1,41.2%,20(10%)/50(10%)/50(20%)
1961,SHORT_ONLY,10:30-11:15,0.0,-965.9,-965.9,2126.8,41.2%,20(10%)/45(15%)/60(20%)
1955,SHORT_ONLY,10:30-11:15,0.0,-1073.8,-1073.8,2282.8,41.2%,20(10%)/45(15%)/50(20%)
1958,SHORT_ONLY,10:30-11:15,0.0,-970.6,-970.6,2151.7,41.2%,20(10%)/45(15%)/55(20%)
1949,SHORT_ONLY,10:30-11:15,0.0,-893.0,-893.0,2022.0,41.2%,20(10%)/45(10%)/60(20%)
1952,SHORT_ONLY,10:30-11:15,0.0,-1069.8,-1069.8,2184.8,42.5%,20(10%)/45(15%)/45(20%)
1946,SHORT_ONLY,10:30-11:15,0.0,-897.8,-897.8,2046.8,41.2%,20(10%)/45(10%)/55(20%)
1943,SHORT_ONLY,10:30-11:15,0.0,-1001.0,-1001.0,2178.0,41.2%,20(10%)/45(10%)/50(20%)
1940,SHORT_ONLY,10:30-11:15,0.0,-997.0,-997.0,2080.0,42.5%,20(10%)/45(10%)/45(20%)
1937,SHORT_ONLY,10:30-11:15,0.0,-872.6,-872.6,2041.7,43.8%,20(10%)/40(15%)/60(20%)
1931,SHORT_ONLY,10:30-11:15,0.0,-980.6,-980.6,2197.7,43.8%,20(10%)/40(15%)/50(20%)
1934,SHORT_ONLY,10:30-11:15,0.0,-877.5,-877.5,2066.4,43.8%,20(10%)/40(15%)/55(20%)
1925,SHORT_ONLY,10:30-11:15,0.0,-835.5,-835.5,1884.5,46.2%,20(10%)/40(15%)/40(20%)
1928,SHORT_ONLY,10:30-11:15,0.0,-976.6,-976.6,2099.7,45.0%,20(10%)/40(15%)/45(20%)
1922,SHORT_ONLY,10:30-11:15,0.0,-794.1,-794.1,1924.1,43.8%,20(10%)/40(10%)/60(20%)
1919,SHORT_ONLY,10:30-11:15,0.0,-798.9,-798.9,1948.9,43.8%,20(10%)/40(10%)/55(20%)
1916,SHORT_ONLY,10:30-11:15,0.0,-902.1,-902.1,2080.1,43.8%,20(10%)/40(10%)/50(20%)
1913,SHORT_ONLY,10:30-11:15,0.0,-898.1,-898.1,1982.1,45.0%,20(10%)/40(10%)/45(20%)
1910,SHORT_ONLY,10:30-11:15,0.0,-756.9,-756.9,1766.9,46.2%,20(10%)/40(10%)/40(20%)
1907,SHORT_ONLY,10:30-11:15,0.0,-802.5,-802.5,1871.5,47.5%,20(10%)/35(15%)/60(20%)
1904,SHORT_ONLY,10:30-11:15,0.0,-807.3,-807.3,1876.3,47.5%,20(10%)/35(15%)/55(20%)
1898,SHORT_ONLY,10:30-11:15,0.0,-906.5,-906.5,1900.5,48.8%,20(10%)/35(15%)/45(20%)
1901,SHORT_ONLY,10:30-11:15,0.0,-910.5,-910.5,2007.5,47.5%,20(10%)/35(15%)/50(20%)
1895,SHORT_ONLY,10:30-11:15,0.0,-759.3,-759.3,1661.3,50.0%,20(10%)/35(15%)/40(20%)
1892,SHORT_ONLY,10:30-11:15,0.0,-721.4,-721.4,1756.4,47.5%,20(10%)/35(10%)/60(20%)
1886,SHORT_ONLY,10:30-11:15,0.0,-829.4,-829.4,1892.4,47.5%,20(10%)/35(10%)/50(20%)
1889,SHORT_ONLY,10:30-11:15,0.0,-726.2,-726.2,1761.2,47.5%,20(10%)/35(10%)/55(20%)
1880,SHORT_ONLY,10:30-11:15,0.0,-684.2,-684.2,1548.2,50.0%,20(10%)/35(10%)/40(20%)
1883,SHORT_ONLY,10:30-11:15,0.0,-825.4,-825.4,1785.4,48.8%,20(10%)/35(10%)/45(20%)
1877,SHORT_ONLY,10:30-11:15,0.0,-653.8,-653.8,1646.8,51.2%,20(10%)/30(15%)/60(20%)
1874,SHORT_ONLY,10:30-11:15,0.0,-658.6,-658.6,1651.6,51.2%,20(10%)/30(15%)/55(20%)
1868,SHORT_ONLY,10:30-11:15,0.0,-757.8,-757.8,1675.8,52.5%,20(10%)/30(15%)/45(20%)
1871,SHORT_ONLY,10:30-11:15,0.0,-761.8,-761.8,1782.8,51.2%,20(10%)/30(15%)/50(20%)
1865,SHORT_ONLY,10:30-11:15,0.0,-620.8,-620.8,1448.0,53.8%,20(10%)/30(15%)/40(20%)
1862,SHORT_ONLY,10:30-11:15,0.0,-583.4,-583.4,1575.0,50.6%,20(10%)/30(10%)/60(20%)
1856,SHORT_ONLY,10:30-11:15,0.0,-691.4,-691.4,1684.4,50.6%,20(10%)/30(10%)/50(20%)
1859,SHORT_ONLY,10:30-11:15,0.0,-588.2,-588.2,1575.0,50.6%,20(10%)/30(10%)/55(20%)
1850,SHORT_ONLY,10:30-11:15,0.0,-547.4,-547.4,1438.0,53.2%,20(10%)/30(10%)/40(20%)
1853,SHORT_ONLY,10:30-11:15,0.0,-687.4,-687.4,1577.4,51.9%,20(10%)/30(10%)/45(20%)
1847,SHORT_ONLY,10:30-11:15,0.0,-1028.1,-1028.1,2357.1,40.0%,15(15%)/50(15%)/60(20%)
1844,SHORT_ONLY,10:30-11:15,0.0,-1032.9,-1032.9,2381.9,40.0%,15(15%)/50(15%)/55(20%)
1841,SHORT_ONLY,10:30-11:15,0.0,-1136.1,-1136.1,2513.1,40.0%,15(15%)/50(15%)/50(20%)
1838,SHORT_ONLY,10:30-11:15,0.0,-950.0,-950.0,2241.1,40.0%,15(15%)/50(10%)/60(20%)
1835,SHORT_ONLY,10:30-11:15,0.0,-954.9,-954.9,2265.8,40.0%,15(15%)/50(10%)/55(20%)
1832,SHORT_ONLY,10:30-11:15,0.0,-1058.0,-1058.0,2397.1,40.0%,15(15%)/50(10%)/50(20%)
1826,SHORT_ONLY,10:30-11:15,0.0,-1021.3,-1021.3,2276.3,40.0%,15(15%)/45(15%)/55(20%)
1829,SHORT_ONLY,10:30-11:15,0.0,-1016.5,-1016.5,2251.5,40.0%,15(15%)/45(15%)/60(20%)
1823,SHORT_ONLY,10:30-11:15,0.0,-1124.5,-1124.5,2407.5,40.0%,15(15%)/45(15%)/50(20%)
1820,SHORT_ONLY,10:30-11:15,0.0,-1120.5,-1120.5,2309.5,41.2%,15(15%)/45(15%)/45(20%)
1817,SHORT_ONLY,10:30-11:15,0.0,-943.6,-943.6,2146.7,40.0%,15(15%)/45(10%)/60(20%)
1814,SHORT_ONLY,10:30-11:15,0.0,-948.5,-948.5,2171.4,40.0%,15(15%)/45(10%)/55(20%)
1811,SHORT_ONLY,10:30-11:15,0.0,-1051.7,-1051.7,2302.7,40.0%,15(15%)/45(10%)/50(20%)
1805,SHORT_ONLY,10:30-11:15,0.0,-945.9,-945.9,2194.9,42.5%,15(15%)/40(15%)/60(20%)
1808,SHORT_ONLY,10:30-11:15,0.0,-1047.7,-1047.7,2204.7,41.2%,15(15%)/45(10%)/45(20%)
1799,SHORT_ONLY,10:30-11:15,0.0,-1053.9,-1053.9,2350.9,42.5%,15(15%)/40(15%)/50(20%)
1802,SHORT_ONLY,10:30-11:15,0.0,-950.7,-950.7,2219.7,42.5%,15(15%)/40(15%)/55(20%)
1793,SHORT_ONLY,10:30-11:15,0.0,-908.7,-908.7,2037.7,45.0%,15(15%)/40(15%)/40(20%)
1796,SHORT_ONLY,10:30-11:15,0.0,-1049.9,-1049.9,2252.9,43.8%,15(15%)/40(15%)/45(20%)
1787,SHORT_ONLY,10:30-11:15,0.0,-872.1,-872.1,2102.2,42.5%,15(15%)/40(10%)/55(20%)
1790,SHORT_ONLY,10:30-11:15,0.0,-867.4,-867.4,2077.3,42.5%,15(15%)/40(10%)/60(20%)
1784,SHORT_ONLY,10:30-11:15,0.0,-975.4,-975.4,2233.3,42.5%,15(15%)/40(10%)/50(20%)
1778,SHORT_ONLY,10:30-11:15,0.0,-830.1,-830.1,1920.2,45.0%,15(15%)/40(10%)/40(20%)
1781,SHORT_ONLY,10:30-11:15,0.0,-971.4,-971.4,2135.3,43.8%,15(15%)/40(10%)/45(20%)
1772,SHORT_ONLY,10:30-11:15,0.0,-881.6,-881.6,2029.7,46.2%,15(15%)/35(15%)/55(20%)
1775,SHORT_ONLY,10:30-11:15,0.0,-876.9,-876.9,2024.8,46.2%,15(15%)/35(15%)/60(20%)
1769,SHORT_ONLY,10:30-11:15,0.0,-984.9,-984.9,2160.8,46.2%,15(15%)/35(15%)/50(20%)
1766,SHORT_ONLY,10:30-11:15,0.0,-980.9,-980.9,2053.8,47.5%,15(15%)/35(15%)/45(20%)
1763,SHORT_ONLY,10:30-11:15,0.0,-839.1,-839.1,1828.2,48.8%,15(15%)/35(15%)/40(20%)
1760,SHORT_ONLY,10:30-11:15,0.0,-805.4,-805.4,1928.3,46.2%,15(15%)/35(10%)/60(20%)
1757,SHORT_ONLY,10:30-11:15,0.0,-810.1,-810.1,1933.2,46.2%,15(15%)/35(10%)/55(20%)
1754,SHORT_ONLY,10:30-11:15,0.0,-913.4,-913.4,2064.3,46.2%,15(15%)/35(10%)/50(20%)
1751,SHORT_ONLY,10:30-11:15,0.0,-909.4,-909.4,1957.3,47.5%,15(15%)/35(10%)/45(20%)
1748,SHORT_ONLY,10:30-11:15,0.0,-764.0,-764.0,1715.0,48.8%,15(15%)/35(10%)/40(20%)
1745,SHORT_ONLY,10:30-11:15,0.0,-789.5,-789.5,1862.5,48.8%,15(15%)/30(15%)/60(20%)
1742,SHORT_ONLY,10:30-11:15,0.0,-794.4,-794.4,1867.3,48.8%,15(15%)/30(15%)/55(20%)
1739,SHORT_ONLY,10:30-11:15,0.0,-897.5,-897.5,1998.5,48.8%,15(15%)/30(15%)/50(20%)
1736,SHORT_ONLY,10:30-11:15,0.0,-893.5,-893.5,1891.5,50.0%,15(15%)/30(15%)/45(20%)
1733,SHORT_ONLY,10:30-11:15,0.0,-762.0,-762.0,1684.0,51.2%,15(15%)/30(15%)/40(20%)
1730,SHORT_ONLY,10:30-11:15,0.0,-719.1,-719.1,1764.2,48.8%,15(15%)/30(10%)/60(20%)
1727,SHORT_ONLY,10:30-11:15,0.0,-724.0,-724.0,1769.0,48.8%,15(15%)/30(10%)/55(20%)
1721,SHORT_ONLY,10:30-11:15,0.0,-823.1,-823.1,1793.2,50.0%,15(15%)/30(10%)/45(20%)
1724,SHORT_ONLY,10:30-11:15,0.0,-827.1,-827.1,1900.2,48.8%,15(15%)/30(10%)/50(20%)
1718,SHORT_ONLY,10:30-11:15,0.0,-688.6,-688.6,1573.7,51.2%,15(15%)/30(10%)/40(20%)
1715,SHORT_ONLY,10:30-11:15,0.0,-1005.9,-1005.9,2330.8,40.0%,15(10%)/50(15%)/60(20%)
1709,SHORT_ONLY,10:30-11:15,0.0,-1113.8,-1113.8,2486.8,40.0%,15(10%)/50(15%)/50(20%)
1712,SHORT_ONLY,10:30-11:15,0.0,-1010.6,-1010.6,2355.7,40.0%,15(10%)/50(15%)/55(20%)
1703,SHORT_ONLY,10:30-11:15,0.0,-932.6,-932.6,2239.6,40.0%,15(10%)/50(10%)/55(20%)
1706,SHORT_ONLY,10:30-11:15,0.0,-927.8,-927.8,2214.8,40.0%,15(10%)/50(10%)/60(20%)
1700,SHORT_ONLY,10:30-11:15,0.0,-1035.8,-1035.8,2370.8,40.0%,15(10%)/50(10%)/50(20%)
1697,SHORT_ONLY,10:30-11:15,0.0,-991.5,-991.5,2219.6,40.0%,15(10%)/45(15%)/60(20%)
1691,SHORT_ONLY,10:30-11:15,0.0,-1099.5,-1099.5,2375.6,40.0%,15(10%)/45(15%)/50(20%)
1694,SHORT_ONLY,10:30-11:15,0.0,-996.4,-996.4,2244.3,40.0%,15(10%)/45(15%)/55(20%)
1688,SHORT_ONLY,10:30-11:15,0.0,-1095.5,-1095.5,2277.6,41.2%,15(10%)/45(15%)/45(20%)
1682,SHORT_ONLY,10:30-11:15,0.0,-923.5,-923.5,2139.5,40.0%,15(10%)/45(10%)/55(20%)
1685,SHORT_ONLY,10:30-11:15,0.0,-918.7,-918.7,2114.7,40.0%,15(10%)/45(10%)/60(20%)
1679,SHORT_ONLY,10:30-11:15,0.0,-1026.7,-1026.7,2270.7,40.0%,15(10%)/45(10%)/50(20%)
1673,SHORT_ONLY,10:30-11:15,0.0,-914.5,-914.5,2154.6,42.5%,15(10%)/40(15%)/60(20%)
1676,SHORT_ONLY,10:30-11:15,0.0,-1022.7,-1022.7,2172.7,41.2%,15(10%)/45(10%)/45(20%)
1667,SHORT_ONLY,10:30-11:15,0.0,-1022.5,-1022.5,2310.6,42.5%,15(10%)/40(15%)/50(20%)
1670,SHORT_ONLY,10:30-11:15,0.0,-919.4,-919.4,2179.3,42.5%,15(10%)/40(15%)/55(20%)
1661,SHORT_ONLY,10:30-11:15,0.0,-877.4,-877.4,1997.3,45.0%,15(10%)/40(15%)/40(20%)
1664,SHORT_ONLY,10:30-11:15,0.0,-1018.5,-1018.5,2212.6,43.8%,15(10%)/40(15%)/45(20%)
1655,SHORT_ONLY,10:30-11:15,0.0,-840.8,-840.8,2061.8,42.5%,15(10%)/40(10%)/55(20%)
1658,SHORT_ONLY,10:30-11:15,0.0,-836.0,-836.0,2037.0,42.5%,15(10%)/40(10%)/60(20%)
1652,SHORT_ONLY,10:30-11:15,0.0,-944.0,-944.0,2193.0,42.5%,15(10%)/40(10%)/50(20%)
1649,SHORT_ONLY,10:30-11:15,0.0,-940.0,-940.0,2095.0,43.8%,15(10%)/40(10%)/45(20%)
1646,SHORT_ONLY,10:30-11:15,0.0,-798.8,-798.8,1879.8,45.0%,15(10%)/40(10%)/40(20%)
1640,SHORT_ONLY,10:30-11:15,0.0,-845.6,-845.6,1982.6,46.2%,15(10%)/35(15%)/55(20%)
1643,SHORT_ONLY,10:30-11:15,0.0,-840.8,-840.8,1977.8,46.2%,15(10%)/35(15%)/60(20%)
1637,SHORT_ONLY,10:30-11:15,0.0,-948.8,-948.8,2113.8,46.2%,15(10%)/35(15%)/50(20%)
1634,SHORT_ONLY,10:30-11:15,0.0,-944.8,-944.8,2006.8,47.5%,15(10%)/35(15%)/45(20%)
1631,SHORT_ONLY,10:30-11:15,0.0,-801.2,-801.2,1774.2,48.8%,15(10%)/35(15%)/40(20%)
1628,SHORT_ONLY,10:30-11:15,0.0,-769.3,-769.3,1882.3,46.2%,15(10%)/35(10%)/60(20%)
1625,SHORT_ONLY,10:30-11:15,0.0,-774.1,-774.1,1887.1,46.2%,15(10%)/35(10%)/55(20%)
1622,SHORT_ONLY,10:30-11:15,0.0,-877.3,-877.3,2018.3,46.2%,15(10%)/35(10%)/50(20%)
1619,SHORT_ONLY,10:30-11:15,0.0,-873.3,-873.3,1911.3,47.5%,15(10%)/35(10%)/45(20%)
1613,SHORT_ONLY,10:30-11:15,0.0,-751.5,-751.5,1812.5,48.8%,15(10%)/30(15%)/60(20%)
1616,SHORT_ONLY,10:30-11:15,0.0,-726.1,-726.1,1661.1,48.8%,15(10%)/35(10%)/40(20%)
1610,SHORT_ONLY,10:30-11:15,0.0,-756.3,-756.3,1817.3,48.8%,15(10%)/30(15%)/55(20%)
1607,SHORT_ONLY,10:30-11:15,0.0,-859.5,-859.5,1948.5,48.8%,15(10%)/30(15%)/50(20%)
1604,SHORT_ONLY,10:30-11:15,0.0,-855.5,-855.5,1841.5,50.0%,15(10%)/30(15%)/45(20%)
1598,SHORT_ONLY,10:30-11:15,0.0,-681.1,-681.1,1714.1,48.8%,15(10%)/30(10%)/60(20%)
1601,SHORT_ONLY,10:30-11:15,0.0,-722.1,-722.1,1626.1,51.2%,15(10%)/30(15%)/40(20%)
1595,SHORT_ONLY,10:30-11:15,0.0,-685.9,-685.9,1718.9,48.8%,15(10%)/30(10%)/55(20%)
1592,SHORT_ONLY,10:30-11:15,0.0,-789.1,-789.1,1850.1,48.8%,15(10%)/30(10%)/50(20%)
1589,SHORT_ONLY,10:30-11:15,0.0,-785.1,-785.1,1743.1,50.0%,15(10%)/30(10%)/45(20%)
1586,SHORT_ONLY,10:30-11:15,0.0,-648.7,-648.7,1514.7,51.2%,15(10%)/30(10%)/40(20%)
1583,SHORT_ONLY,09:30-10:15,0.0,1647.5,1647.5,673.0,58.4%,25(15%)/50(15%)/60(20%)
1580,SHORT_ONLY,09:30-10:15,0.0,1474.0,1474.0,693.0,58.4%,25(15%)/50(15%)/55(20%)
1577,SHORT_ONLY,09:30-10:15,0.0,1435.0,1435.0,693.0,58.4%,25(15%)/50(15%)/50(20%)
1571,SHORT_ONLY,09:30-10:15,0.0,1611.8,1611.8,690.0,58.4%,25(15%)/50(10%)/55(20%)
1574,SHORT_ONLY,09:30-10:15,0.0,1785.4,1785.4,670.0,58.4%,25(15%)/50(10%)/60(20%)
1565,SHORT_ONLY,09:30-10:15,0.0,1540.8,1540.8,682.0,58.4%,25(15%)/45(15%)/60(20%)
1568,SHORT_ONLY,09:30-10:15,0.0,1572.8,1572.8,690.0,58.4%,25(15%)/50(10%)/50(20%)
1559,SHORT_ONLY,09:30-10:15,0.0,1328.2,1328.2,702.0,59.6%,25(15%)/45(15%)/50(20%)
1562,SHORT_ONLY,09:30-10:15,0.0,1367.2,1367.2,702.0,58.4%,25(15%)/45(15%)/55(20%)
1553,SHORT_ONLY,09:30-10:15,0.0,1658.4,1658.4,680.0,59.6%,25(15%)/45(10%)/60(20%)
1556,SHORT_ONLY,09:30-10:15,0.0,1244.8,1244.8,717.0,59.6%,25(15%)/45(15%)/45(20%)
1547,SHORT_ONLY,09:30-10:15,0.0,1445.8,1445.8,700.0,59.6%,25(15%)/45(10%)/50(20%)
1550,SHORT_ONLY,09:30-10:15,0.0,1484.8,1484.8,700.0,59.6%,25(15%)/45(10%)/55(20%)
1544,SHORT_ONLY,09:30-10:15,0.0,1362.4,1362.4,708.0,59.6%,25(15%)/45(10%)/45(20%)
1541,SHORT_ONLY,09:30-10:15,0.0,1628.6,1628.6,682.0,60.7%,25(15%)/40(15%)/60(20%)
1538,SHORT_ONLY,09:30-10:15,0.0,1455.0,1455.0,702.0,60.7%,25(15%)/40(15%)/55(20%)
1535,SHORT_ONLY,09:30-10:15,0.0,1416.0,1416.0,702.0,61.8%,25(15%)/40(15%)/50(20%)
1532,SHORT_ONLY,09:30-10:15,0.0,1332.6,1332.6,710.0,61.8%,25(15%)/40(15%)/45(20%)
1529,SHORT_ONLY,09:30-10:15,0.0,1406.0,1406.0,710.0,62.9%,25(15%)/40(15%)/40(20%)
1526,SHORT_ONLY,09:30-10:15,0.0,1749.0,1749.0,680.0,60.7%,25(15%)/40(10%)/60(20%)
1523,SHORT_ONLY,09:30-10:15,0.0,1575.4,1575.4,700.0,60.7%,25(15%)/40(10%)/55(20%)
1520,SHORT_ONLY,09:30-10:15,0.0,1536.4,1536.4,700.0,61.8%,25(15%)/40(10%)/50(20%)
1514,SHORT_ONLY,09:30-10:15,0.0,1526.4,1526.4,708.0,62.9%,25(15%)/40(10%)/40(20%)
1517,SHORT_ONLY,09:30-10:15,0.0,1453.0,1453.0,708.0,61.8%,25(15%)/40(10%)/45(20%)
1511,SHORT_ONLY,09:30-10:15,0.0,1532.3,1532.3,682.0,61.4%,25(15%)/35(15%)/60(20%)
1508,SHORT_ONLY,09:30-10:15,0.0,1358.8,1358.8,702.0,61.4%,25(15%)/35(15%)/55(20%)
1505,SHORT_ONLY,09:30-10:15,0.0,1319.8,1319.8,702.0,62.5%,25(15%)/35(15%)/50(20%)
1502,SHORT_ONLY,09:30-10:15,0.0,1236.3,1236.3,710.0,62.5%,25(15%)/35(15%)/45(20%)
1496,SHORT_ONLY,09:30-10:15,0.0,1636.5,1636.5,680.0,60.7%,25(15%)/35(10%)/60(20%)
1499,SHORT_ONLY,09:30-10:15,0.0,1303.0,1303.0,710.0,64.0%,25(15%)/35(15%)/40(20%)
1493,SHORT_ONLY,09:30-10:15,0.0,1462.9,1462.9,700.0,60.7%,25(15%)/35(10%)/55(20%)
1490,SHORT_ONLY,09:30-10:15,0.0,1423.9,1423.9,700.0,61.8%,25(15%)/35(10%)/50(20%)
1487,SHORT_ONLY,09:30-10:15,0.0,1340.5,1340.5,708.0,61.8%,25(15%)/35(10%)/45(20%)
1484,SHORT_ONLY,09:30-10:15,0.0,1410.9,1410.9,708.0,64.0%,25(15%)/35(10%)/40(20%)
1481,SHORT_ONLY,09:30-10:15,0.0,1255.6,1255.6,694.0,61.4%,25(15%)/30(15%)/60(20%)
1478,SHORT_ONLY,09:30-10:15,0.0,1082.0,1082.0,714.0,61.4%,25(15%)/30(15%)/55(20%)
1475,SHORT_ONLY,09:30-10:15,0.0,1075.5,1075.5,723.0,62.5%,25(15%)/30(15%)/50(20%)
1472,SHORT_ONLY,09:30-10:15,0.0,992.1,992.1,742.0,62.5%,25(15%)/30(15%)/45(20%)
1469,SHORT_ONLY,09:30-10:15,0.0,1058.8,1058.8,722.0,64.0%,25(15%)/30(15%)/40(20%)
1466,SHORT_ONLY,09:30-10:15,0.0,1348.4,1348.4,692.0,60.7%,25(15%)/30(10%)/60(20%)
1463,SHORT_ONLY,09:30-10:15,0.0,1174.8,1174.8,712.0,60.7%,25(15%)/30(10%)/55(20%)
1460,SHORT_ONLY,09:30-10:15,0.0,1171.3,1171.3,712.0,61.8%,25(15%)/30(10%)/50(20%)
1454,SHORT_ONLY,09:30-10:15,0.0,1158.3,1158.3,720.0,64.0%,25(15%)/30(10%)/40(20%)
1457,SHORT_ONLY,09:30-10:15,0.0,1087.9,1087.9,720.0,61.8%,25(15%)/30(10%)/45(20%)
1448,SHORT_ONLY,09:30-10:15,0.0,1555.5,1555.5,691.0,58.4%,25(10%)/50(15%)/55(20%)
1451,SHORT_ONLY,09:30-10:15,0.0,1729.0,1729.0,671.0,58.4%,25(10%)/50(15%)/60(20%)
1442,SHORT_ONLY,09:30-10:15,0.0,1866.9,1866.9,668.0,58.4%,25(10%)/50(10%)/60(20%)
1445,SHORT_ONLY,09:30-10:15,0.0,1516.5,1516.5,691.0,58.4%,25(10%)/50(15%)/50(20%)
1436,SHORT_ONLY,09:30-10:15,0.0,1654.3,1654.3,688.0,58.4%,25(10%)/50(10%)/50(20%)
1439,SHORT_ONLY,09:30-10:15,0.0,1693.3,1693.3,688.0,58.4%,25(10%)/50(10%)/55(20%)
1433,SHORT_ONLY,09:30-10:15,0.0,1622.3,1622.3,680.0,58.4%,25(10%)/45(15%)/60(20%)
1430,SHORT_ONLY,09:30-10:15,0.0,1448.8,1448.8,700.0,58.4%,25(10%)/45(15%)/55(20%)
1424,SHORT_ONLY,09:30-10:15,0.0,1326.3,1326.3,708.0,59.6%,25(10%)/45(15%)/45(20%)
1427,SHORT_ONLY,09:30-10:15,0.0,1409.8,1409.8,700.0,59.6%,25(10%)/45(15%)/50(20%)
1421,SHORT_ONLY,09:30-10:15,0.0,1739.9,1739.9,678.0,59.6%,25(10%)/45(10%)/60(20%)
1418,SHORT_ONLY,09:30-10:15,0.0,1566.3,1566.3,698.0,59.6%,25(10%)/45(10%)/55(20%)
1412,SHORT_ONLY,09:30-10:15,0.0,1443.9,1443.9,706.0,59.6%,25(10%)/45(10%)/45(20%)
1415,SHORT_ONLY,09:30-10:15,0.0,1527.3,1527.3,698.0,59.6%,25(10%)/45(10%)/50(20%)
1406,SHORT_ONLY,09:30-10:15,0.0,1542.7,1542.7,700.0,60.7%,25(10%)/40(15%)/55(20%)
1409,SHORT_ONLY,09:30-10:15,0.0,1716.3,1716.3,680.0,60.7%,25(10%)/40(15%)/60(20%)
1403,SHORT_ONLY,09:30-10:15,0.0,1503.7,1503.7,700.0,61.8%,25(10%)/40(15%)/50(20%)
1400,SHORT_ONLY,09:30-10:15,0.0,1420.3,1420.3,708.0,61.8%,25(10%)/40(15%)/45(20%)
1394,SHORT_ONLY,09:30-10:15,0.0,1836.7,1836.7,678.0,60.7%,25(10%)/40(10%)/60(20%)
1397,SHORT_ONLY,09:30-10:15,0.0,1493.7,1493.7,708.0,62.9%,25(10%)/40(15%)/40(20%)
1388,SHORT_ONLY,09:30-10:15,0.0,1624.1,1624.1,698.0,61.8%,25(10%)/40(10%)/50(20%)
1391,SHORT_ONLY,09:30-10:15,0.0,1663.1,1663.1,698.0,60.7%,25(10%)/40(10%)/55(20%)
1385,SHORT_ONLY,09:30-10:15,0.0,1540.7,1540.7,706.0,61.8%,25(10%)/40(10%)/45(20%)
1382,SHORT_ONLY,09:30-10:15,0.0,1614.1,1614.1,706.0,62.9%,25(10%)/40(10%)/40(20%)
1379,SHORT_ONLY,09:30-10:15,0.0,1622.7,1622.7,680.0,61.8%,25(10%)/35(15%)/60(20%)
1376,SHORT_ONLY,09:30-10:15,0.0,1449.0,1449.0,700.0,61.8%,25(10%)/35(15%)/55(20%)
1373,SHORT_ONLY,09:30-10:15,0.0,1410.0,1410.0,700.0,62.9%,25(10%)/35(15%)/50(20%)
1370,SHORT_ONLY,09:30-10:15,0.0,1326.7,1326.7,708.0,62.9%,25(10%)/35(15%)/45(20%)
1364,SHORT_ONLY,09:30-10:15,0.0,1726.8,1726.8,678.0,61.4%,25(10%)/35(10%)/60(20%)
1367,SHORT_ONLY,09:30-10:15,0.0,1393.3,1393.3,708.0,64.0%,25(10%)/35(15%)/40(20%)
1358,SHORT_ONLY,09:30-10:15,0.0,1514.2,1514.2,698.0,62.5%,25(10%)/35(10%)/50(20%)
1361,SHORT_ONLY,09:30-10:15,0.0,1553.2,1553.2,698.0,61.4%,25(10%)/35(10%)/55(20%)
1346,SHORT_ONLY,09:30-10:15,0.0,1169.8,1169.8,712.0,61.8%,25(10%)/30(15%)/55(20%)
1352,SHORT_ONLY,09:30-10:15,0.0,1501.2,1501.2,706.0,64.0%,25(10%)/35(10%)/40(20%)
1355,SHORT_ONLY,09:30-10:15,0.0,1430.8,1430.8,706.0,62.5%,25(10%)/35(10%)/45(20%)
1349,SHORT_ONLY,09:30-10:15,0.0,1343.4,1343.4,692.0,61.8%,25(10%)/30(15%)/60(20%)
1340,SHORT_ONLY,09:30-10:15,0.0,1082.4,1082.4,725.0,62.9%,25(10%)/30(15%)/45(20%)
1343,SHORT_ONLY,09:30-10:15,0.0,1165.8,1165.8,712.0,62.9%,25(10%)/30(15%)/50(20%)
1334,SHORT_ONLY,09:30-10:15,0.0,1436.2,1436.2,690.0,61.4%,25(10%)/30(10%)/60(20%)
1337,SHORT_ONLY,09:30-10:15,0.0,1149.1,1149.1,720.0,64.0%,25(10%)/30(15%)/40(20%)
1328,SHORT_ONLY,09:30-10:15,0.0,1261.6,1261.6,710.0,62.5%,25(10%)/30(10%)/50(20%)
1331,SHORT_ONLY,09:30-10:15,0.0,1262.6,1262.6,710.0,61.4%,25(10%)/30(10%)/55(20%)
1322,SHORT_ONLY,09:30-10:15,0.0,1248.6,1248.6,718.0,64.0%,25(10%)/30(10%)/40(20%)
1325,SHORT_ONLY,09:30-10:15,0.0,1178.2,1178.2,718.0,62.5%,25(10%)/30(10%)/45(20%)
1319,SHORT_ONLY,09:30-10:15,0.0,1418.5,1418.5,673.0,58.4%,20(15%)/50(15%)/60(20%)
1316,SHORT_ONLY,09:30-10:15,0.0,1244.9,1244.9,693.0,58.4%,20(15%)/50(15%)/55(20%)
1313,SHORT_ONLY,09:30-10:15,0.0,1205.9,1205.9,693.0,58.4%,20(15%)/50(15%)/50(20%)
1310,SHORT_ONLY,09:30-10:15,0.0,1550.8,1550.8,670.0,58.4%,20(15%)/50(10%)/60(20%)
1307,SHORT_ONLY,09:30-10:15,0.0,1377.2,1377.2,690.0,58.4%,20(15%)/50(10%)/55(20%)
1304,SHORT_ONLY,09:30-10:15,0.0,1338.2,1338.2,690.0,58.4%,20(15%)/50(10%)/50(20%)
1301,SHORT_ONLY,09:30-10:15,0.0,1338.6,1338.6,682.0,58.4%,20(15%)/45(15%)/60(20%)
1295,SHORT_ONLY,09:30-10:15,0.0,1126.0,1126.0,702.0,59.6%,20(15%)/45(15%)/50(20%)
1298,SHORT_ONLY,09:30-10:15,0.0,1165.0,1165.0,702.0,58.4%,20(15%)/45(15%)/55(20%)
1289,SHORT_ONLY,09:30-10:15,0.0,1450.7,1450.7,680.0,59.6%,20(15%)/45(10%)/60(20%)
1292,SHORT_ONLY,09:30-10:15,0.0,1042.6,1042.6,710.0,59.6%,20(15%)/45(15%)/45(20%)
1283,SHORT_ONLY,09:30-10:15,0.0,1238.0,1238.0,700.0,59.6%,20(15%)/45(10%)/50(20%)
1286,SHORT_ONLY,09:30-10:15,0.0,1277.0,1277.0,700.0,59.6%,20(15%)/45(10%)/55(20%)
1277,SHORT_ONLY,09:30-10:15,0.0,1426.3,1426.3,682.0,60.7%,20(15%)/40(15%)/60(20%)
1280,SHORT_ONLY,09:30-10:15,0.0,1154.7,1154.7,708.0,59.6%,20(15%)/45(10%)/45(20%)
1271,SHORT_ONLY,09:30-10:15,0.0,1213.8,1213.8,702.0,61.8%,20(15%)/40(15%)/50(20%)
1274,SHORT_ONLY,09:30-10:15,0.0,1252.8,1252.8,702.0,60.7%,20(15%)/40(15%)/55(20%)
1265,SHORT_ONLY,09:30-10:15,0.0,1203.8,1203.8,710.0,62.9%,20(15%)/40(15%)/40(20%)
1268,SHORT_ONLY,09:30-10:15,0.0,1130.3,1130.3,710.0,61.8%,20(15%)/40(15%)/45(20%)
1262,SHORT_ONLY,09:30-10:15,0.0,1541.7,1541.7,680.0,60.7%,20(15%)/40(10%)/60(20%)
1259,SHORT_ONLY,09:30-10:15,0.0,1368.0,1368.0,700.0,60.7%,20(15%)/40(10%)/55(20%)
1253,SHORT_ONLY,09:30-10:15,0.0,1245.7,1245.7,708.0,61.8%,20(15%)/40(10%)/45(20%)
1256,SHORT_ONLY,09:30-10:15,0.0,1329.0,1329.0,700.0,61.8%,20(15%)/40(10%)/50(20%)
1244,SHORT_ONLY,09:30-10:15,0.0,1162.5,1162.5,702.0,61.4%,20(15%)/35(15%)/55(20%)
1250,SHORT_ONLY,09:30-10:15,0.0,1319.0,1319.0,708.0,62.9%,20(15%)/40(10%)/40(20%)
1247,SHORT_ONLY,09:30-10:15,0.0,1336.0,1336.0,682.0,61.4%,20(15%)/35(15%)/60(20%)
1241,SHORT_ONLY,09:30-10:15,0.0,1123.5,1123.5,702.0,62.5%,20(15%)/35(15%)/50(20%)
1238,SHORT_ONLY,09:30-10:15,0.0,1040.0,1040.0,710.0,62.5%,20(15%)/35(15%)/45(20%)
1232,SHORT_ONLY,09:30-10:15,0.0,1435.5,1435.5,680.0,60.7%,20(15%)/35(10%)/60(20%)
1235,SHORT_ONLY,09:30-10:15,0.0,1106.8,1106.8,710.0,64.0%,20(15%)/35(15%)/40(20%)
1226,SHORT_ONLY,09:30-10:15,0.0,1222.8,1222.8,700.0,61.8%,20(15%)/35(10%)/50(20%)
1229,SHORT_ONLY,09:30-10:15,0.0,1261.8,1261.8,700.0,60.7%,20(15%)/35(10%)/55(20%)
1220,SHORT_ONLY,09:30-10:15,0.0,1209.8,1209.8,708.0,64.0%,20(15%)/35(10%)/40(20%)
1223,SHORT_ONLY,09:30-10:15,0.0,1139.5,1139.5,708.0,61.8%,20(15%)/35(10%)/45(20%)
1214,SHORT_ONLY,09:30-10:15,0.0,976.6,976.6,714.0,61.4%,20(15%)/30(15%)/55(20%)
1217,SHORT_ONLY,09:30-10:15,0.0,1150.2,1150.2,694.0,61.4%,20(15%)/30(15%)/60(20%)
1208,SHORT_ONLY,09:30-10:15,0.0,886.8,886.8,737.0,62.5%,20(15%)/30(15%)/45(20%)
1211,SHORT_ONLY,09:30-10:15,0.0,970.1,970.1,718.0,62.5%,20(15%)/30(15%)/50(20%)
1202,SHORT_ONLY,09:30-10:15,0.0,1241.5,1241.5,692.0,60.7%,20(15%)/30(10%)/60(20%)
1205,SHORT_ONLY,09:30-10:15,0.0,953.5,953.5,722.0,64.0%,20(15%)/30(15%)/40(20%)
1196,SHORT_ONLY,09:30-10:15,0.0,1064.3,1064.3,712.0,61.8%,20(15%)/30(10%)/50(20%)
1199,SHORT_ONLY,09:30-10:15,0.0,1067.8,1067.8,712.0,60.7%,20(15%)/30(10%)/55(20%)
1193,SHORT_ONLY,09:30-10:15,0.0,981.0,981.0,720.0,61.8%,20(15%)/30(10%)/45(20%)
1190,SHORT_ONLY,09:30-10:15,0.0,1051.3,1051.3,720.0,64.0%,20(15%)/30(10%)/40(20%)
1187,SHORT_ONLY,09:30-10:15,0.0,1565.7,1565.7,671.0,58.4%,20(10%)/50(15%)/60(20%)
1184,SHORT_ONLY,09:30-10:15,0.0,1392.0,1392.0,691.0,58.4%,20(10%)/50(15%)/55(20%)
1181,SHORT_ONLY,09:30-10:15,0.0,1353.0,1353.0,691.0,58.4%,20(10%)/50(15%)/50(20%)
1178,SHORT_ONLY,09:30-10:15,0.0,1701.0,1701.0,668.0,58.4%,20(10%)/50(10%)/60(20%)
1175,SHORT_ONLY,09:30-10:15,0.0,1527.4,1527.4,688.0,58.4%,20(10%)/50(10%)/55(20%)
1172,SHORT_ONLY,09:30-10:15,0.0,1488.4,1488.4,688.0,58.4%,20(10%)/50(10%)/50(20%)
1169,SHORT_ONLY,09:30-10:15,0.0,1488.2,1488.2,680.0,58.4%,20(10%)/45(15%)/60(20%)
1166,SHORT_ONLY,09:30-10:15,0.0,1314.5,1314.5,700.0,58.4%,20(10%)/45(15%)/55(20%)
1157,SHORT_ONLY,09:30-10:15,0.0,1603.2,1603.2,678.0,59.6%,20(10%)/45(10%)/60(20%)
1163,SHORT_ONLY,09:30-10:15,0.0,1275.5,1275.5,700.0,59.6%,20(10%)/45(15%)/50(20%)
1160,SHORT_ONLY,09:30-10:15,0.0,1192.2,1192.2,708.0,59.6%,20(10%)/45(15%)/45(20%)
1154,SHORT_ONLY,09:30-10:15,0.0,1429.6,1429.6,698.0,59.6%,20(10%)/45(10%)/55(20%)
1151,SHORT_ONLY,09:30-10:15,0.0,1390.6,1390.6,698.0,59.6%,20(10%)/45(10%)/50(20%)
1148,SHORT_ONLY,09:30-10:15,0.0,1307.2,1307.2,706.0,59.6%,20(10%)/45(10%)/45(20%)
1145,SHORT_ONLY,09:30-10:15,0.0,1581.7,1581.7,680.0,60.7%,20(10%)/40(15%)/60(20%)
1142,SHORT_ONLY,09:30-10:15,0.0,1408.1,1408.1,700.0,60.7%,20(10%)/40(15%)/55(20%)
1139,SHORT_ONLY,09:30-10:15,0.0,1369.1,1369.1,700.0,61.8%,20(10%)/40(15%)/50(20%)
1136,SHORT_ONLY,09:30-10:15,0.0,1285.7,1285.7,708.0,61.8%,20(10%)/40(15%)/45(20%)
1133,SHORT_ONLY,09:30-10:15,0.0,1359.1,1359.1,708.0,62.9%,20(10%)/40(15%)/40(20%)
1130,SHORT_ONLY,09:30-10:15,0.0,1700.0,1700.0,678.0,60.7%,20(10%)/40(10%)/60(20%)
1127,SHORT_ONLY,09:30-10:15,0.0,1526.4,1526.4,698.0,60.7%,20(10%)/40(10%)/55(20%)
1121,SHORT_ONLY,09:30-10:15,0.0,1404.0,1404.0,706.0,61.8%,20(10%)/40(10%)/45(20%)
1124,SHORT_ONLY,09:30-10:15,0.0,1487.4,1487.4,698.0,61.8%,20(10%)/40(10%)/50(20%)
1115,SHORT_ONLY,09:30-10:15,0.0,1494.0,1494.0,680.0,61.8%,20(10%)/35(15%)/60(20%)
1118,SHORT_ONLY,09:30-10:15,0.0,1477.4,1477.4,706.0,62.9%,20(10%)/40(10%)/40(20%)
1109,SHORT_ONLY,09:30-10:15,0.0,1281.4,1281.4,700.0,62.9%,20(10%)/35(15%)/50(20%)
1112,SHORT_ONLY,09:30-10:15,0.0,1320.4,1320.4,700.0,61.8%,20(10%)/35(15%)/55(20%)
1103,SHORT_ONLY,09:30-10:15,0.0,1264.7,1264.7,708.0,64.0%,20(10%)/35(15%)/40(20%)
1106,SHORT_ONLY,09:30-10:15,0.0,1198.0,1198.0,708.0,62.9%,20(10%)/35(15%)/45(20%)
1100,SHORT_ONLY,09:30-10:15,0.0,1596.4,1596.4,678.0,61.4%,20(10%)/35(10%)/60(20%)
1097,SHORT_ONLY,09:30-10:15,0.0,1422.8,1422.8,698.0,61.4%,20(10%)/35(10%)/55(20%)
1091,SHORT_ONLY,09:30-10:15,0.0,1300.4,1300.4,706.0,62.5%,20(10%)/35(10%)/45(20%)
1094,SHORT_ONLY,09:30-10:15,0.0,1383.8,1383.8,698.0,62.5%,20(10%)/35(10%)/50(20%)
1088,SHORT_ONLY,09:30-10:15,0.0,1370.8,1370.8,706.0,64.0%,20(10%)/35(10%)/40(20%)
1082,SHORT_ONLY,09:30-10:15,0.0,1110.5,1110.5,712.0,61.8%,20(10%)/30(15%)/55(20%)
1085,SHORT_ONLY,09:30-10:15,0.0,1284.1,1284.1,692.0,61.8%,20(10%)/30(15%)/60(20%)
1076,SHORT_ONLY,09:30-10:15,0.0,1023.1,1023.1,722.0,62.9%,20(10%)/30(15%)/45(20%)
1079,SHORT_ONLY,09:30-10:15,0.0,1106.5,1106.5,712.0,62.9%,20(10%)/30(15%)/50(20%)
1073,SHORT_ONLY,09:30-10:15,0.0,1089.8,1089.8,720.0,64.0%,20(10%)/30(15%)/40(20%)
1070,SHORT_ONLY,09:30-10:15,0.0,1376.9,1376.9,690.0,61.4%,20(10%)/30(10%)/60(20%)
1067,SHORT_ONLY,09:30-10:15,0.0,1203.3,1203.3,710.0,61.4%,20(10%)/30(10%)/55(20%)
1064,SHORT_ONLY,09:30-10:15,0.0,1202.3,1202.3,710.0,62.5%,20(10%)/30(10%)/50(20%)
1061,SHORT_ONLY,09:30-10:15,0.0,1118.9,1118.9,718.0,62.5%,20(10%)/30(10%)/45(20%)
1058,SHORT_ONLY,09:30-10:15,0.0,1189.3,1189.3,718.0,64.0%,20(10%)/30(10%)/40(20%)
1055,SHORT_ONLY,09:30-10:15,0.0,1766.4,1766.4,537.0,58.4%,15(15%)/50(15%)/60(20%)
1049,SHORT_ONLY,09:30-10:15,0.0,1553.8,1553.8,606.0,59.6%,15(15%)/50(15%)/50(20%)
1052,SHORT_ONLY,09:30-10:15,0.0,1592.8,1592.8,561.0,58.4%,15(15%)/50(15%)/55(20%)
1043,SHORT_ONLY,09:30-10:15,0.0,1722.7,1722.7,551.0,58.4%,15(15%)/50(10%)/55(20%)
1046,SHORT_ONLY,09:30-10:15,0.0,1896.2,1896.2,534.0,58.4%,15(15%)/50(10%)/60(20%)
1037,SHORT_ONLY,09:30-10:15,0.0,1757.9,1757.9,544.0,59.6%,15(15%)/45(15%)/60(20%)
1040,SHORT_ONLY,09:30-10:15,0.0,1683.7,1683.7,581.0,59.6%,15(15%)/50(10%)/50(20%)
1031,SHORT_ONLY,09:30-10:15,0.0,1545.3,1545.3,626.0,60.7%,15(15%)/45(15%)/50(20%)
1034,SHORT_ONLY,09:30-10:15,0.0,1584.3,1584.3,581.0,59.6%,15(15%)/45(15%)/55(20%)
1025,SHORT_ONLY,09:30-10:15,0.0,1870.0,1870.0,542.0,59.6%,15(15%)/45(10%)/60(20%)
1028,SHORT_ONLY,09:30-10:15,0.0,1461.9,1461.9,645.0,60.7%,15(15%)/45(15%)/45(20%)
1022,SHORT_ONLY,09:30-10:15,0.0,1696.3,1696.3,559.0,59.6%,15(15%)/45(10%)/55(20%)
1019,SHORT_ONLY,09:30-10:15,0.0,1657.3,1657.3,604.0,60.7%,15(15%)/45(10%)/50(20%)
1016,SHORT_ONLY,09:30-10:15,0.0,1574.0,1574.0,623.0,60.7%,15(15%)/45(10%)/45(20%)
1010,SHORT_ONLY,09:30-10:15,0.0,1641.7,1641.7,567.0,61.8%,15(15%)/40(15%)/55(20%)
1013,SHORT_ONLY,09:30-10:15,0.0,1815.2,1815.2,550.0,61.8%,15(15%)/40(15%)/60(20%)
1007,SHORT_ONLY,09:30-10:15,0.0,1640.2,1640.2,592.0,62.9%,15(15%)/40(15%)/50(20%)
1004,SHORT_ONLY,09:30-10:15,0.0,1556.8,1556.8,611.0,62.9%,15(15%)/40(15%)/45(20%)
1001,SHORT_ONLY,09:30-10:15,0.0,1630.2,1630.2,579.0,64.0%,15(15%)/40(15%)/40(20%)
998,SHORT_ONLY,09:30-10:15,0.0,1968.2,1968.2,548.0,61.8%,15(15%)/40(10%)/60(20%)
992,SHORT_ONLY,09:30-10:15,0.0,1755.5,1755.5,572.0,62.9%,15(15%)/40(10%)/50(20%)
995,SHORT_ONLY,09:30-10:15,0.0,1794.5,1794.5,565.0,61.8%,15(15%)/40(10%)/55(20%)
989,SHORT_ONLY,09:30-10:15,0.0,1672.2,1672.2,591.0,62.9%,15(15%)/40(10%)/45(20%)
980,SHORT_ONLY,09:30-10:15,0.0,1539.5,1539.5,567.0,61.4%,15(15%)/35(15%)/55(20%)
986,SHORT_ONLY,09:30-10:15,0.0,1745.5,1745.5,577.0,64.0%,15(15%)/40(10%)/40(20%)
983,SHORT_ONLY,09:30-10:15,0.0,1559.7,1559.7,550.0,60.2%,15(15%)/35(15%)/60(20%)
977,SHORT_ONLY,09:30-10:15,0.0,1533.0,1533.0,600.0,62.5%,15(15%)/35(15%)/50(20%)
974,SHORT_ONLY,09:30-10:15,0.0,1449.5,1449.5,619.0,62.5%,15(15%)/35(15%)/45(20%)
971,SHORT_ONLY,09:30-10:15,0.0,1516.2,1516.2,579.0,64.0%,15(15%)/35(15%)/40(20%)
968,SHORT_ONLY,09:30-10:15,0.0,1808.5,1808.5,548.0,60.7%,15(15%)/35(10%)/60(20%)
962,SHORT_ONLY,09:30-10:15,0.0,1632.3,1632.3,580.0,61.8%,15(15%)/35(10%)/50(20%)
965,SHORT_ONLY,09:30-10:15,0.0,1635.0,1635.0,565.0,60.7%,15(15%)/35(10%)/55(20%)
956,SHORT_ONLY,09:30-10:15,0.0,1619.3,1619.3,577.0,64.0%,15(15%)/35(10%)/40(20%)
959,SHORT_ONLY,09:30-10:15,0.0,1549.0,1549.0,599.0,61.8%,15(15%)/35(10%)/45(20%)
950,SHORT_ONLY,09:30-10:15,0.0,1293.3,1293.3,619.0,60.2%,15(15%)/30(15%)/55(20%)
953,SHORT_ONLY,09:30-10:15,0.0,1313.5,1313.5,575.0,59.1%,15(15%)/30(15%)/60(20%)
944,SHORT_ONLY,09:30-10:15,0.0,1188.2,1188.2,683.0,61.4%,15(15%)/30(15%)/45(20%)
947,SHORT_ONLY,09:30-10:15,0.0,1271.5,1271.5,664.0,61.4%,15(15%)/30(15%)/50(20%)
941,SHORT_ONLY,09:30-10:15,0.0,1254.8,1254.8,643.0,62.9%,15(15%)/30(15%)/40(20%)
938,SHORT_ONLY,09:30-10:15,0.0,1555.2,1555.2,569.0,59.6%,15(15%)/30(10%)/60(20%)
932,SHORT_ONLY,09:30-10:15,0.0,1362.8,1362.8,647.0,60.7%,15(15%)/30(10%)/50(20%)
935,SHORT_ONLY,09:30-10:15,0.0,1381.5,1381.5,602.0,59.6%,15(15%)/30(10%)/55(20%)
926,SHORT_ONLY,09:30-10:15,0.0,1349.8,1349.8,626.0,62.9%,15(15%)/30(10%)/40(20%)
929,SHORT_ONLY,09:30-10:15,0.0,1279.3,1279.3,666.0,60.7%,15(15%)/30(10%)/45(20%)
923,SHORT_ONLY,09:30-10:15,0.0,1898.8,1898.8,536.0,58.4%,15(10%)/50(15%)/60(20%)
920,SHORT_ONLY,09:30-10:15,0.0,1725.2,1725.2,553.0,58.4%,15(10%)/50(15%)/55(20%)
917,SHORT_ONLY,09:30-10:15,0.0,1686.2,1686.2,597.0,59.6%,15(10%)/50(15%)/50(20%)
911,SHORT_ONLY,09:30-10:15,0.0,1858.0,1858.0,550.0,58.4%,15(10%)/50(10%)/55(20%)
914,SHORT_ONLY,09:30-10:15,0.0,2031.6,2031.6,533.0,58.4%,15(10%)/50(10%)/60(20%)
905,SHORT_ONLY,09:30-10:15,0.0,1894.3,1894.3,543.0,59.6%,15(10%)/45(15%)/60(20%)
908,SHORT_ONLY,09:30-10:15,0.0,1819.0,1819.0,572.0,59.6%,15(10%)/50(10%)/50(20%)
899,SHORT_ONLY,09:30-10:15,0.0,1681.8,1681.8,617.0,60.7%,15(10%)/45(15%)/50(20%)
902,SHORT_ONLY,09:30-10:15,0.0,1720.8,1720.8,572.0,59.6%,15(10%)/45(15%)/55(20%)
893,SHORT_ONLY,09:30-10:15,0.0,2009.4,2009.4,541.0,59.6%,15(10%)/45(10%)/60(20%)
896,SHORT_ONLY,09:30-10:15,0.0,1598.3,1598.3,636.0,60.7%,15(10%)/45(15%)/45(20%)
887,SHORT_ONLY,09:30-10:15,0.0,1796.8,1796.8,595.0,60.7%,15(10%)/45(10%)/50(20%)
890,SHORT_ONLY,09:30-10:15,0.0,1835.8,1835.8,558.0,59.6%,15(10%)/45(10%)/55(20%)
884,SHORT_ONLY,09:30-10:15,0.0,1713.4,1713.4,614.0,60.7%,15(10%)/45(10%)/45(20%)
881,SHORT_ONLY,09:30-10:15,0.0,1996.7,1996.7,549.0,61.8%,15(10%)/40(15%)/60(20%)
878,SHORT_ONLY,09:30-10:15,0.0,1823.1,1823.1,566.0,61.8%,15(10%)/40(15%)/55(20%)
875,SHORT_ONLY,09:30-10:15,0.0,1784.1,1784.1,581.0,62.9%,15(10%)/40(15%)/50(20%)
872,SHORT_ONLY,09:30-10:15,0.0,1700.7,1700.7,600.0,62.9%,15(10%)/40(15%)/45(20%)
869,SHORT_ONLY,09:30-10:15,0.0,1774.1,1774.1,578.0,64.0%,15(10%)/40(15%)/40(20%)
866,SHORT_ONLY,09:30-10:15,0.0,2115.0,2115.0,547.0,61.8%,15(10%)/40(10%)/60(20%)
860,SHORT_ONLY,09:30-10:15,0.0,1902.4,1902.4,564.0,62.9%,15(10%)/40(10%)/50(20%)
863,SHORT_ONLY,09:30-10:15,0.0,1941.4,1941.4,564.0,61.8%,15(10%)/40(10%)/55(20%)
854,SHORT_ONLY,09:30-10:15,0.0,1892.4,1892.4,576.0,64.0%,15(10%)/40(10%)/40(20%)
857,SHORT_ONLY,09:30-10:15,0.0,1819.0,1819.0,580.0,62.9%,15(10%)/40(10%)/45(20%)
851,SHORT_ONLY,09:30-10:15,0.0,1701.7,1701.7,549.0,60.7%,15(10%)/35(15%)/60(20%)
848,SHORT_ONLY,09:30-10:15,0.0,1683.3,1683.3,566.0,61.8%,15(10%)/35(15%)/55(20%)
842,SHORT_ONLY,09:30-10:15,0.0,1595.0,1595.0,608.0,62.9%,15(10%)/35(15%)/45(20%)
845,SHORT_ONLY,09:30-10:15,0.0,1678.4,1678.4,589.0,62.9%,15(10%)/35(15%)/50(20%)
839,SHORT_ONLY,09:30-10:15,0.0,1661.7,1661.7,578.0,64.0%,15(10%)/35(15%)/40(20%)
836,SHORT_ONLY,09:30-10:15,0.0,1955.4,1955.4,547.0,61.4%,15(10%)/35(10%)/60(20%)
833,SHORT_ONLY,09:30-10:15,0.0,1781.8,1781.8,564.0,61.4%,15(10%)/35(10%)/55(20%)
830,SHORT_ONLY,09:30-10:15,0.0,1780.8,1780.8,569.0,62.5%,15(10%)/35(10%)/50(20%)
824,SHORT_ONLY,09:30-10:15,0.0,1767.8,1767.8,576.0,64.0%,15(10%)/35(10%)/40(20%)
827,SHORT_ONLY,09:30-10:15,0.0,1697.4,1697.4,588.0,62.5%,15(10%)/35(10%)/45(20%)
818,SHORT_ONLY,09:30-10:15,0.0,1413.3,1413.3,608.0,60.7%,15(10%)/30(15%)/55(20%)
821,SHORT_ONLY,09:30-10:15,0.0,1431.7,1431.7,570.0,59.6%,15(10%)/30(15%)/60(20%)
812,SHORT_ONLY,09:30-10:15,0.0,1309.7,1309.7,672.0,61.8%,15(10%)/30(15%)/45(20%)
815,SHORT_ONLY,09:30-10:15,0.0,1393.1,1393.1,653.0,61.8%,15(10%)/30(15%)/50(20%)
806,SHORT_ONLY,09:30-10:15,0.0,1676.7,1676.7,564.0,60.2%,15(10%)/30(10%)/60(20%)
809,SHORT_ONLY,09:30-10:15,0.0,1376.4,1376.4,632.0,62.9%,15(10%)/30(15%)/40(20%)
803,SHORT_ONLY,09:30-10:15,0.0,1503.1,1503.1,591.0,60.2%,15(10%)/30(10%)/55(20%)
800,SHORT_ONLY,09:30-10:15,0.0,1485.9,1485.9,636.0,61.4%,15(10%)/30(10%)/50(20%)
797,SHORT_ONLY,09:30-10:15,0.0,1402.5,1402.5,655.0,61.4%,15(10%)/30(10%)/45(20%)
791,SHORT_ONLY,08:45-09:30,0.0,0.0,0.0,0.0,0.0%,25(15%)/50(15%)/60(20%)
794,SHORT_ONLY,09:30-10:15,0.0,1472.9,1472.9,615.0,62.9%,15(10%)/30(10%)/40(20%)
788,SHORT_ONLY,08:45-09:30,0.0,0.0,0.0,0.0,0.0%,25(15%)/50(15%)/55(20%)
785,SHORT_ONLY,08:45-09:30,0.0,0.0,0.0,0.0,0.0%,25(15%)/50(15%)/50(20%)
782,SHORT_ONLY,08:45-09:30,0.0,0.0,0.0,0.0,0.0%,25(15%)/50(10%)/60(20%)
779,SHORT_ONLY,08:45-09:30,0.0,0.0,0.0,0.0,0.0%,25(15%)/50(10%)/55(20%)
776,SHORT_ONLY,08:45-09:30,0.0,0.0,0.0,0.0,0.0%,25(15%)/50(10%)/50(20%)
773,SHORT_ONLY,08:45-09:30,0.0,0.0,0.0,0.0,0.0%,25(15%)/45(15%)/60(20%)
767,SHORT_ONLY,08:45-09:30,0.0,0.0,0.0,0.0,0.0%,25(15%)/45(15%)/50(20%)
770,SHORT_ONLY,08:45-09:30,0.0,0.0,0.0,0.0,0.0%,25(15%)/45(15%)/55(20%)
764,SHORT_ONLY,08:45-09:30,0.0,0.0,0.0,0.0,0.0%,25(15%)/45(15%)/45(20%)
761,SHORT_ONLY,08:45-09:30,0.0,0.0,0.0,0.0,0.0%,25(15%)/45(10%)/60(20%)
758,SHORT_ONLY,08:45-09:30,0.0,0.0,0.0,0.0,0.0%,25(15%)/45(10%)/55(20%)
755,SHORT_ONLY,08:45-09:30,0.0,0.0,0.0,0.0,0.0%,25(15%)/45(10%)/50(20%)
752,SHORT_ONLY,08:45-09:30,0.0,0.0,0.0,0.0,0.0%,25(15%)/45(10%)/45(20%)
749,SHORT_ONLY,08:45-09:30,0.0,0.0,0.0,0.0,0.0%,25(15%)/40(15%)/60(20%)
746,SHORT_ONLY,08:45-09:30,0.0,0.0,0.0,0.0,0.0%,25(15%)/40(15%)/55(20%)
743,SHORT_ONLY,08:45-09:30,0.0,0.0,0.0,0.0,0.0%,25(15%)/40(15%)/50(20%)
734,SHORT_ONLY,08:45-09:30,0.0,0.0,0.0,0.0,0.0%,25(15%)/40(10%)/60(20%)
737,SHORT_ONLY,08:45-09:30,0.0,0.0,0.0,0.0,0.0%,25(15%)/40(15%)/40(20%)
740,SHORT_ONLY,08:45-09:30,0.0,0.0,0.0,0.0,0.0%,25(15%)/40(15%)/45(20%)
731,SHORT_ONLY,08:45-09:30,0.0,0.0,0.0,0.0,0.0%,25(15%)/40(10%)/55(20%)
728,SHORT_ONLY,08:45-09:30,0.0,0.0,0.0,0.0,0.0%,25(15%)/40(10%)/50(20%)
722,SHORT_ONLY,08:45-09:30,0.0,0.0,0.0,0.0,0.0%,25(15%)/40(10%)/40(20%)
725,SHORT_ONLY,08:45-09:30,0.0,0.0,0.0,0.0,0.0%,25(15%)/40(10%)/45(20%)
719,SHORT_ONLY,08:45-09:30,0.0,0.0,0.0,0.0,0.0%,25(15%)/35(15%)/60(20%)
716,SHORT_ONLY,08:45-09:30,0.0,0.0,0.0,0.0,0.0%,25(15%)/35(15%)/55(20%)
713,SHORT_ONLY,08:45-09:30,0.0,0.0,0.0,0.0,0.0%,25(15%)/35(15%)/50(20%)
707,SHORT_ONLY,08:45-09:30,0.0,0.0,0.0,0.0,0.0%,25(15%)/35(15%)/40(20%)
710,SHORT_ONLY,08:45-09:30,0.0,0.0,0.0,0.0,0.0%,25(15%)/35(15%)/45(20%)
704,SHORT_ONLY,08:45-09:30,0.0,0.0,0.0,0.0,0.0%,25(15%)/35(10%)/60(20%)
701,SHORT_ONLY,08:45-09:30,0.0,0.0,0.0,0.0,0.0%,25(15%)/35(10%)/55(20%)
698,SHORT_ONLY,08:45-09:30,0.0,0.0,0.0,0.0,0.0%,25(15%)/35(10%)/50(20%)
695,SHORT_ONLY,08:45-09:30,0.0,0.0,0.0,0.0,0.0%,25(15%)/35(10%)/45(20%)
692,SHORT_ONLY,08:45-09:30,0.0,0.0,0.0,0.0,0.0%,25(15%)/35(10%)/40(20%)
689,SHORT_ONLY,08:45-09:30,0.0,0.0,0.0,0.0,0.0%,25(15%)/30(15%)/60(20%)
686,SHORT_ONLY,08:45-09:30,0.0,0.0,0.0,0.0,0.0%,25(15%)/30(15%)/55(20%)
680,SHORT_ONLY,08:45-09:30,0.0,0.0,0.0,0.0,0.0%,25(15%)/30(15%)/45(20%)
683,SHORT_ONLY,08:45-09:30,0.0,0.0,0.0,0.0,0.0%,25(15%)/30(15%)/50(20%)
674,SHORT_ONLY,08:45-09:30,0.0,0.0,0.0,0.0,0.0%,25(15%)/30(10%)/60(20%)
677,SHORT_ONLY,08:45-09:30,0.0,0.0,0.0,0.0,0.0%,25(15%)/30(15%)/40(20%)
671,SHORT_ONLY,08:45-09:30,0.0,0.0,0.0,0.0,0.0%,25(15%)/30(10%)/55(20%)
668,SHORT_ONLY,08:45-09:30,0.0,0.0,0.0,0.0,0.0%,25(15%)/30(10%)/50(20%)
659,SHORT_ONLY,08:45-09:30,0.0,0.0,0.0,0.0,0.0%,25(10%)/50(15%)/60(20%)
665,SHORT_ONLY,08:45-09:30,0.0,0.0,0.0,0.0,0.0%,25(15%)/30(10%)/45(20%)
662,SHORT_ONLY,08:45-09:30,0.0,0.0,0.0,0.0,0.0%,25(15%)/30(10%)/40(20%)
656,SHORT_ONLY,08:45-09:30,0.0,0.0,0.0,0.0,0.0%,25(10%)/50(15%)/55(20%)
653,SHORT_ONLY,08:45-09:30,0.0,0.0,0.0,0.0,0.0%,25(10%)/50(15%)/50(20%)
650,SHORT_ONLY,08:45-09:30,0.0,0.0,0.0,0.0,0.0%,25(10%)/50(10%)/60(20%)
647,SHORT_ONLY,08:45-09:30,0.0,0.0,0.0,0.0,0.0%,25(10%)/50(10%)/55(20%)
644,SHORT_ONLY,08:45-09:30,0.0,0.0,0.0,0.0,0.0%,25(10%)/50(10%)/50(20%)
641,SHORT_ONLY,08:45-09:30,0.0,0.0,0.0,0.0,0.0%,25(10%)/45(15%)/60(20%)
638,SHORT_ONLY,08:45-09:30,0.0,0.0,0.0,0.0,0.0%,25(10%)/45(15%)/55(20%)
635,SHORT_ONLY,08:45-09:30,0.0,0.0,0.0,0.0,0.0%,25(10%)/45(15%)/50(20%)
629,SHORT_ONLY,08:45-09:30,0.0,0.0,0.0,0.0,0.0%,25(10%)/45(10%)/60(20%)
632,SHORT_ONLY,08:45-09:30,0.0,0.0,0.0,0.0,0.0%,25(10%)/45(15%)/45(20%)
623,SHORT_ONLY,08:45-09:30,0.0,0.0,0.0,0.0,0.0%,25(10%)/45(10%)/50(20%)
626,SHORT_ONLY,08:45-09:30,0.0,0.0,0.0,0.0,0.0%,25(10%)/45(10%)/55(20%)
617,SHORT_ONLY,08:45-09:30,0.0,0.0,0.0,0.0,0.0%,25(10%)/40(15%)/60(20%)
620,SHORT_ONLY,08:45-09:30,0.0,0.0,0.0,0.0,0.0%,25(10%)/45(10%)/45(20%)
611,SHORT_ONLY,08:45-09:30,0.0,0.0,0.0,0.0,0.0%,25(10%)/40(15%)/50(20%)
614,SHORT_ONLY,08:45-09:30,0.0,0.0,0.0,0.0,0.0%,25(10%)/40(15%)/55(20%)
608,SHORT_ONLY,08:45-09:30,0.0,0.0,0.0,0.0,0.0%,25(10%)/40(15%)/45(20%)
605,SHORT_ONLY,08:45-09:30,0.0,0.0,0.0,0.0,0.0%,25(10%)/40(15%)/40(20%)
602,SHORT_ONLY,08:45-09:30,0.0,0.0,0.0,0.0,0.0%,25(10%)/40(10%)/60(20%)
596,SHORT_ONLY,08:45-09:30,0.0,0.0,0.0,0.0,0.0%,25(10%)/40(10%)/50(20%)
599,SHORT_ONLY,08:45-09:30,0.0,0.0,0.0,0.0,0.0%,25(10%)/40(10%)/55(20%)
590,SHORT_ONLY,08:45-09:30,0.0,0.0,0.0,0.0,0.0%,25(10%)/40(10%)/40(20%)
593,SHORT_ONLY,08:45-09:30,0.0,0.0,0.0,0.0,0.0%,25(10%)/40(10%)/45(20%)
584,SHORT_ONLY,08:45-09:30,0.0,0.0,0.0,0.0,0.0%,25(10%)/35(15%)/55(20%)
587,SHORT_ONLY,08:45-09:30,0.0,0.0,0.0,0.0,0.0%,25(10%)/35(15%)/60(20%)
578,SHORT_ONLY,08:45-09:30,0.0,0.0,0.0,0.0,0.0%,25(10%)/35(15%)/45(20%)
581,SHORT_ONLY,08:45-09:30,0.0,0.0,0.0,0.0,0.0%,25(10%)/35(15%)/50(20%)
572,SHORT_ONLY,08:45-09:30,0.0,0.0,0.0,0.0,0.0%,25(10%)/35(10%)/60(20%)
575,SHORT_ONLY,08:45-09:30,0.0,0.0,0.0,0.0,0.0%,25(10%)/35(15%)/40(20%)
566,SHORT_ONLY,08:45-09:30,0.0,0.0,0.0,0.0,0.0%,25(10%)/35(10%)/50(20%)
569,SHORT_ONLY,08:45-09:30,0.0,0.0,0.0,0.0,0.0%,25(10%)/35(10%)/55(20%)
563,SHORT_ONLY,08:45-09:30,0.0,0.0,0.0,0.0,0.0%,25(10%)/35(10%)/45(20%)
560,SHORT_ONLY,08:45-09:30,0.0,0.0,0.0,0.0,0.0%,25(10%)/35(10%)/40(20%)
554,SHORT_ONLY,08:45-09:30,0.0,0.0,0.0,0.0,0.0%,25(10%)/30(15%)/55(20%)
557,SHORT_ONLY,08:45-09:30,0.0,0.0,0.0,0.0,0.0%,25(10%)/30(15%)/60(20%)
551,SHORT_ONLY,08:45-09:30,0.0,0.0,0.0,0.0,0.0%,25(10%)/30(15%)/50(20%)
545,SHORT_ONLY,08:45-09:30,0.0,0.0,0.0,0.0,0.0%,25(10%)/30(15%)/40(20%)
548,SHORT_ONLY,08:45-09:30,0.0,0.0,0.0,0.0,0.0%,25(10%)/30(15%)/45(20%)
539,SHORT_ONLY,08:45-09:30,0.0,0.0,0.0,0.0,0.0%,25(10%)/30(10%)/55(20%)
542,SHORT_ONLY,08:45-09:30,0.0,0.0,0.0,0.0,0.0%,25(10%)/30(10%)/60(20%)
536,SHORT_ONLY,08:45-09:30,0.0,0.0,0.0,0.0,0.0%,25(10%)/30(10%)/50(20%)
533,SHORT_ONLY,08:45-09:30,0.0,0.0,0.0,0.0,0.0%,25(10%)/30(10%)/45(20%)
530,SHORT_ONLY,08:45-09:30,0.0,0.0,0.0,0.0,0.0%,25(10%)/30(10%)/40(20%)
527,SHORT_ONLY,08:45-09:30,0.0,0.0,0.0,0.0,0.0%,20(15%)/50(15%)/60(20%)
524,SHORT_ONLY,08:45-09:30,0.0,0.0,0.0,0.0,0.0%,20(15%)/50(15%)/55(20%)
518,SHORT_ONLY,08:45-09:30,0.0,0.0,0.0,0.0,0.0%,20(15%)/50(10%)/60(20%)
521,SHORT_ONLY,08:45-09:30,0.0,0.0,0.0,0.0,0.0%,20(15%)/50(15%)/50(20%)
512,SHORT_ONLY,08:45-09:30,0.0,0.0,0.0,0.0,0.0%,20(15%)/50(10%)/50(20%)
515,SHORT_ONLY,08:45-09:30,0.0,0.0,0.0,0.0,0.0%,20(15%)/50(10%)/55(20%)
509,SHORT_ONLY,08:45-09:30,0.0,0.0,0.0,0.0,0.0%,20(15%)/45(15%)/60(20%)
506,SHORT_ONLY,08:45-09:30,0.0,0.0,0.0,0.0,0.0%,20(15%)/45(15%)/55(20%)
503,SHORT_ONLY,08:45-09:30,0.0,0.0,0.0,0.0,0.0%,20(15%)/45(15%)/50(20%)
500,SHORT_ONLY,08:45-09:30,0.0,0.0,0.0,0.0,0.0%,20(15%)/45(15%)/45(20%)
497,SHORT_ONLY,08:45-09:30,0.0,0.0,0.0,0.0,0.0%,20(15%)/45(10%)/60(20%)
491,SHORT_ONLY,08:45-09:30,0.0,0.0,0.0,0.0,0.0%,20(15%)/45(10%)/50(20%)
494,SHORT_ONLY,08:45-09:30,0.0,0.0,0.0,0.0,0.0%,20(15%)/45(10%)/55(20%)
488,SHORT_ONLY,08:45-09:30,0.0,0.0,0.0,0.0,0.0%,20(15%)/45(10%)/45(20%)
482,SHORT_ONLY,08:45-09:30,0.0,0.0,0.0,0.0,0.0%,20(15%)/40(15%)/55(20%)
485,SHORT_ONLY,08:45-09:30,0.0,0.0,0.0,0.0,0.0%,20(15%)/40(15%)/60(20%)
479,SHORT_ONLY,08:45-09:30,0.0,0.0,0.0,0.0,0.0%,20(15%)/40(15%)/50(20%)
476,SHORT_ONLY,08:45-09:30,0.0,0.0,0.0,0.0,0.0%,20(15%)/40(15%)/45(20%)
470,SHORT_ONLY,08:45-09:30,0.0,0.0,0.0,0.0,0.0%,20(15%)/40(10%)/60(20%)
473,SHORT_ONLY,08:45-09:30,0.0,0.0,0.0,0.0,0.0%,20(15%)/40(15%)/40(20%)
467,SHORT_ONLY,08:45-09:30,0.0,0.0,0.0,0.0,0.0%,20(15%)/40(10%)/55(20%)
464,SHORT_ONLY,08:45-09:30,0.0,0.0,0.0,0.0,0.0%,20(15%)/40(10%)/50(20%)
461,SHORT_ONLY,08:45-09:30,0.0,0.0,0.0,0.0,0.0%,20(15%)/40(10%)/45(20%)
455,SHORT_ONLY,08:45-09:30,0.0,0.0,0.0,0.0,0.0%,20(15%)/35(15%)/60(20%)
458,SHORT_ONLY,08:45-09:30,0.0,0.0,0.0,0.0,0.0%,20(15%)/40(10%)/40(20%)
452,SHORT_ONLY,08:45-09:30,0.0,0.0,0.0,0.0,0.0%,20(15%)/35(15%)/55(20%)
449,SHORT_ONLY,08:45-09:30,0.0,0.0,0.0,0.0,0.0%,20(15%)/35(15%)/50(20%)
446,SHORT_ONLY,08:45-09:30,0.0,0.0,0.0,0.0,0.0%,20(15%)/35(15%)/45(20%)
443,SHORT_ONLY,08:45-09:30,0.0,0.0,0.0,0.0,0.0%,20(15%)/35(15%)/40(20%)
440,SHORT_ONLY,08:45-09:30,0.0,0.0,0.0,0.0,0.0%,20(15%)/35(10%)/60(20%)
437,SHORT_ONLY,08:45-09:30,0.0,0.0,0.0,0.0,0.0%,20(15%)/35(10%)/55(20%)
434,SHORT_ONLY,08:45-09:30,0.0,0.0,0.0,0.0,0.0%,20(15%)/35(10%)/50(20%)
428,SHORT_ONLY,08:45-09:30,0.0,0.0,0.0,0.0,0.0%,20(15%)/35(10%)/40(20%)
431,SHORT_ONLY,08:45-09:30,0.0,0.0,0.0,0.0,0.0%,20(15%)/35(10%)/45(20%)
419,SHORT_ONLY,08:45-09:30,0.0,0.0,0.0,0.0,0.0%,20(15%)/30(15%)/50(20%)
425,SHORT_ONLY,08:45-09:30,0.0,0.0,0.0,0.0,0.0%,20(15%)/30(15%)/60(20%)
422,SHORT_ONLY,08:45-09:30,0.0,0.0,0.0,0.0,0.0%,20(15%)/30(15%)/55(20%)
413,SHORT_ONLY,08:45-09:30,0.0,0.0,0.0,0.0,0.0%,20(15%)/30(15%)/40(20%)
416,SHORT_ONLY,08:45-09:30,0.0,0.0,0.0,0.0,0.0%,20(15%)/30(15%)/45(20%)
410,SHORT_ONLY,08:45-09:30,0.0,0.0,0.0,0.0,0.0%,20(15%)/30(10%)/60(20%)
404,SHORT_ONLY,08:45-09:30,0.0,0.0,0.0,0.0,0.0%,20(15%)/30(10%)/50(20%)
407,SHORT_ONLY,08:45-09:30,0.0,0.0,0.0,0.0,0.0%,20(15%)/30(10%)/55(20%)
401,SHORT_ONLY,08:45-09:30,0.0,0.0,0.0,0.0,0.0%,20(15%)/30(10%)/45(20%)
398,SHORT_ONLY,08:45-09:30,0.0,0.0,0.0,0.0,0.0%,20(15%)/30(10%)/40(20%)
395,SHORT_ONLY,08:45-09:30,0.0,0.0,0.0,0.0,0.0%,20(10%)/50(15%)/60(20%)
392,SHORT_ONLY,08:45-09:30,0.0,0.0,0.0,0.0,0.0%,20(10%)/50(15%)/55(20%)
389,SHORT_ONLY,08:45-09:30,0.0,0.0,0.0,0.0,0.0%,20(10%)/50(15%)/50(20%)
383,SHORT_ONLY,08:45-09:30,0.0,0.0,0.0,0.0,0.0%,20(10%)/50(10%)/55(20%)
386,SHORT_ONLY,08:45-09:30,0.0,0.0,0.0,0.0,0.0%,20(10%)/50(10%)/60(20%)
380,SHORT_ONLY,08:45-09:30,0.0,0.0,0.0,0.0,0.0%,20(10%)/50(10%)/50(20%)
377,SHORT_ONLY,08:45-09:30,0.0,0.0,0.0,0.0,0.0%,20(10%)/45(15%)/60(20%)
371,SHORT_ONLY,08:45-09:30,0.0,0.0,0.0,0.0,0.0%,20(10%)/45(15%)/50(20%)
374,SHORT_ONLY,08:45-09:30,0.0,0.0,0.0,0.0,0.0%,20(10%)/45(15%)/55(20%)
365,SHORT_ONLY,08:45-09:30,0.0,0.0,0.0,0.0,0.0%,20(10%)/45(10%)/60(20%)
368,SHORT_ONLY,08:45-09:30,0.0,0.0,0.0,0.0,0.0%,20(10%)/45(15%)/45(20%)
362,SHORT_ONLY,08:45-09:30,0.0,0.0,0.0,0.0,0.0%,20(10%)/45(10%)/55(20%)
359,SHORT_ONLY,08:45-09:30,0.0,0.0,0.0,0.0,0.0%,20(10%)/45(10%)/50(20%)
356,SHORT_ONLY,08:45-09:30,0.0,0.0,0.0,0.0,0.0%,20(10%)/45(10%)/45(20%)
350,SHORT_ONLY,08:45-09:30,0.0,0.0,0.0,0.0,0.0%,20(10%)/40(15%)/55(20%)
353,SHORT_ONLY,08:45-09:30,0.0,0.0,0.0,0.0,0.0%,20(10%)/40(15%)/60(20%)
344,SHORT_ONLY,08:45-09:30,0.0,0.0,0.0,0.0,0.0%,20(10%)/40(15%)/45(20%)
347,SHORT_ONLY,08:45-09:30,0.0,0.0,0.0,0.0,0.0%,20(10%)/40(15%)/50(20%)
341,SHORT_ONLY,08:45-09:30,0.0,0.0,0.0,0.0,0.0%,20(10%)/40(15%)/40(20%)
338,SHORT_ONLY,08:45-09:30,0.0,0.0,0.0,0.0,0.0%,20(10%)/40(10%)/60(20%)
332,SHORT_ONLY,08:45-09:30,0.0,0.0,0.0,0.0,0.0%,20(10%)/40(10%)/50(20%)
335,SHORT_ONLY,08:45-09:30,0.0,0.0,0.0,0.0,0.0%,20(10%)/40(10%)/55(20%)
329,SHORT_ONLY,08:45-09:30,0.0,0.0,0.0,0.0,0.0%,20(10%)/40(10%)/45(20%)
323,SHORT_ONLY,08:45-09:30,0.0,0.0,0.0,0.0,0.0%,20(10%)/35(15%)/60(20%)
326,SHORT_ONLY,08:45-09:30,0.0,0.0,0.0,0.0,0.0%,20(10%)/40(10%)/40(20%)
317,SHORT_ONLY,08:45-09:30,0.0,0.0,0.0,0.0,0.0%,20(10%)/35(15%)/50(20%)
320,SHORT_ONLY,08:45-09:30,0.0,0.0,0.0,0.0,0.0%,20(10%)/35(15%)/55(20%)
314,SHORT_ONLY,08:45-09:30,0.0,0.0,0.0,0.0,0.0%,20(10%)/35(15%)/45(20%)
311,SHORT_ONLY,08:45-09:30,0.0,0.0,0.0,0.0,0.0%,20(10%)/35(15%)/40(20%)
308,SHORT_ONLY,08:45-09:30,0.0,0.0,0.0,0.0,0.0%,20(10%)/35(10%)/60(20%)
305,SHORT_ONLY,08:45-09:30,0.0,0.0,0.0,0.0,0.0%,20(10%)/35(10%)/55(20%)
299,SHORT_ONLY,08:45-09:30,0.0,0.0,0.0,0.0,0.0%,20(10%)/35(10%)/45(20%)
302,SHORT_ONLY,08:45-09:30,0.0,0.0,0.0,0.0,0.0%,20(10%)/35(10%)/50(20%)
296,SHORT_ONLY,08:45-09:30,0.0,0.0,0.0,0.0,0.0%,20(10%)/35(10%)/40(20%)
293,SHORT_ONLY,08:45-09:30,0.0,0.0,0.0,0.0,0.0%,20(10%)/30(15%)/60(20%)
290,SHORT_ONLY,08:45-09:30,0.0,0.0,0.0,0.0,0.0%,20(10%)/30(15%)/55(20%)
287,SHORT_ONLY,08:45-09:30,0.0,0.0,0.0,0.0,0.0%,20(10%)/30(15%)/50(20%)
284,SHORT_ONLY,08:45-09:30,0.0,0.0,0.0,0.0,0.0%,20(10%)/30(15%)/45(20%)
281,SHORT_ONLY,08:45-09:30,0.0,0.0,0.0,0.0,0.0%,20(10%)/30(15%)/40(20%)
278,SHORT_ONLY,08:45-09:30,0.0,0.0,0.0,0.0,0.0%,20(10%)/30(10%)/60(20%)
275,SHORT_ONLY,08:45-09:30,0.0,0.0,0.0,0.0,0.0%,20(10%)/30(10%)/55(20%)
272,SHORT_ONLY,08:45-09:30,0.0,0.0,0.0,0.0,0.0%,20(10%)/30(10%)/50(20%)
269,SHORT_ONLY,08:45-09:30,0.0,0.0,0.0,0.0,0.0%,20(10%)/30(10%)/45(20%)
266,SHORT_ONLY,08:45-09:30,0.0,0.0,0.0,0.0,0.0%,20(10%)/30(10%)/40(20%)
254,SHORT_ONLY,08:45-09:30,0.0,0.0,0.0,0.0,0.0%,15(15%)/50(10%)/60(20%)
263,SHORT_ONLY,08:45-09:30,0.0,0.0,0.0,0.0,0.0%,15(15%)/50(15%)/60(20%)
260,SHORT_ONLY,08:45-09:30,0.0,0.0,0.0,0.0,0.0%,15(15%)/50(15%)/55(20%)
257,SHORT_ONLY,08:45-09:30,0.0,0.0,0.0,0.0,0.0%,15(15%)/50(15%)/50(20%)
248,SHORT_ONLY,08:45-09:30,0.0,0.0,0.0,0.0,0.0%,15(15%)/50(10%)/50(20%)
251,SHORT_ONLY,08:45-09:30,0.0,0.0,0.0,0.0,0.0%,15(15%)/50(10%)/55(20%)
245,SHORT_ONLY,08:45-09:30,0.0,0.0,0.0,0.0,0.0%,15(15%)/45(15%)/60(20%)
242,SHORT_ONLY,08:45-09:30,0.0,0.0,0.0,0.0,0.0%,15(15%)/45(15%)/55(20%)
239,SHORT_ONLY,08:45-09:30,0.0,0.0,0.0,0.0,0.0%,15(15%)/45(15%)/50(20%)
233,SHORT_ONLY,08:45-09:30,0.0,0.0,0.0,0.0,0.0%,15(15%)/45(10%)/60(20%)
236,SHORT_ONLY,08:45-09:30,0.0,0.0,0.0,0.0,0.0%,15(15%)/45(15%)/45(20%)
230,SHORT_ONLY,08:45-09:30,0.0,0.0,0.0,0.0,0.0%,15(15%)/45(10%)/55(20%)
227,SHORT_ONLY,08:45-09:30,0.0,0.0,0.0,0.0,0.0%,15(15%)/45(10%)/50(20%)
224,SHORT_ONLY,08:45-09:30,0.0,0.0,0.0,0.0,0.0%,15(15%)/45(10%)/45(20%)
221,SHORT_ONLY,08:45-09:30,0.0,0.0,0.0,0.0,0.0%,15(15%)/40(15%)/60(20%)
218,SHORT_ONLY,08:45-09:30,0.0,0.0,0.0,0.0,0.0%,15(15%)/40(15%)/55(20%)
215,SHORT_ONLY,08:45-09:30,0.0,0.0,0.0,0.0,0.0%,15(15%)/40(15%)/50(20%)
212,SHORT_ONLY,08:45-09:30,0.0,0.0,0.0,0.0,0.0%,15(15%)/40(15%)/45(20%)
209,SHORT_ONLY,08:45-09:30,0.0,0.0,0.0,0.0,0.0%,15(15%)/40(15%)/40(20%)
200,SHORT_ONLY,08:45-09:30,0.0,0.0,0.0,0.0,0.0%,15(15%)/40(10%)/50(20%)
203,SHORT_ONLY,08:45-09:30,0.0,0.0,0.0,0.0,0.0%,15(15%)/40(10%)/55(20%)
206,SHORT_ONLY,08:45-09:30,0.0,0.0,0.0,0.0,0.0%,15(15%)/40(10%)/60(20%)
197,SHORT_ONLY,08:45-09:30,0.0,0.0,0.0,0.0,0.0%,15(15%)/40(10%)/45(20%)
191,SHORT_ONLY,08:45-09:30,0.0,0.0,0.0,0.0,0.0%,15(15%)/35(15%)/60(20%)
194,SHORT_ONLY,08:45-09:30,0.0,0.0,0.0,0.0,0.0%,15(15%)/40(10%)/40(20%)
188,SHORT_ONLY,08:45-09:30,0.0,0.0,0.0,0.0,0.0%,15(15%)/35(15%)/55(20%)
185,SHORT_ONLY,08:45-09:30,0.0,0.0,0.0,0.0,0.0%,15(15%)/35(15%)/50(20%)
182,SHORT_ONLY,08:45-09:30,0.0,0.0,0.0,0.0,0.0%,15(15%)/35(15%)/45(20%)
179,SHORT_ONLY,08:45-09:30,0.0,0.0,0.0,0.0,0.0%,15(15%)/35(15%)/40(20%)
173,SHORT_ONLY,08:45-09:30,0.0,0.0,0.0,0.0,0.0%,15(15%)/35(10%)/55(20%)
176,SHORT_ONLY,08:45-09:30,0.0,0.0,0.0,0.0,0.0%,15(15%)/35(10%)/60(20%)
167,SHORT_ONLY,08:45-09:30,0.0,0.0,0.0,0.0,0.0%,15(15%)/35(10%)/45(20%)
170,SHORT_ONLY,08:45-09:30,0.0,0.0,0.0,0.0,0.0%,15(15%)/35(10%)/50(20%)
164,SHORT_ONLY,08:45-09:30,0.0,0.0,0.0,0.0,0.0%,15(15%)/35(10%)/40(20%)
161,SHORT_ONLY,08:45-09:30,0.0,0.0,0.0,0.0,0.0%,15(15%)/30(15%)/60(20%)
158,SHORT_ONLY,08:45-09:30,0.0,0.0,0.0,0.0,0.0%,15(15%)/30(15%)/55(20%)
155,SHORT_ONLY,08:45-09:30,0.0,0.0,0.0,0.0,0.0%,15(15%)/30(15%)/50(20%)
152,SHORT_ONLY,08:45-09:30,0.0,0.0,0.0,0.0,0.0%,15(15%)/30(15%)/45(20%)
149,SHORT_ONLY,08:45-09:30,0.0,0.0,0.0,0.0,0.0%,15(15%)/30(15%)/40(20%)
146,SHORT_ONLY,08:45-09:30,0.0,0.0,0.0,0.0,0.0%,15(15%)/30(10%)/60(20%)
143,SHORT_ONLY,08:45-09:30,0.0,0.0,0.0,0.0,0.0%,15(15%)/30(10%)/55(20%)
140,SHORT_ONLY,08:45-09:30,0.0,0.0,0.0,0.0,0.0%,15(15%)/30(10%)/50(20%)
137,SHORT_ONLY,08:45-09:30,0.0,0.0,0.0,0.0,0.0%,15(15%)/30(10%)/45(20%)
134,SHORT_ONLY,08:45-09:30,0.0,0.0,0.0,0.0,0.0%,15(15%)/30(10%)/40(20%)
131,SHORT_ONLY,08:45-09:30,0.0,0.0,0.0,0.0,0.0%,15(10%)/50(15%)/60(20%)
128,SHORT_ONLY,08:45-09:30,0.0,0.0,0.0,0.0,0.0%,15(10%)/50(15%)/55(20%)
125,SHORT_ONLY,08:45-09:30,0.0,0.0,0.0,0.0,0.0%,15(10%)/50(15%)/50(20%)
122,SHORT_ONLY,08:45-09:30,0.0,0.0,0.0,0.0,0.0%,15(10%)/50(10%)/60(20%)
119,SHORT_ONLY,08:45-09:30,0.0,0.0,0.0,0.0,0.0%,15(10%)/50(10%)/55(20%)
116,SHORT_ONLY,08:45-09:30,0.0,0.0,0.0,0.0,0.0%,15(10%)/50(10%)/50(20%)
113,SHORT_ONLY,08:45-09:30,0.0,0.0,0.0,0.0,0.0%,15(10%)/45(15%)/60(20%)
110,SHORT_ONLY,08:45-09:30,0.0,0.0,0.0,0.0,0.0%,15(10%)/45(15%)/55(20%)
107,SHORT_ONLY,08:45-09:30,0.0,0.0,0.0,0.0,0.0%,15(10%)/45(15%)/50(20%)
104,SHORT_ONLY,08:45-09:30,0.0,0.0,0.0,0.0,0.0%,15(10%)/45(15%)/45(20%)
101,SHORT_ONLY,08:45-09:30,0.0,0.0,0.0,0.0,0.0%,15(10%)/45(10%)/60(20%)
98,SHORT_ONLY,08:45-09:30,0.0,0.0,0.0,0.0,0.0%,15(10%)/45(10%)/55(20%)
95,SHORT_ONLY,08:45-09:30,0.0,0.0,0.0,0.0,0.0%,15(10%)/45(10%)/50(20%)
92,SHORT_ONLY,08:45-09:30,0.0,0.0,0.0,0.0,0.0%,15(10%)/45(10%)/45(20%)
89,SHORT_ONLY,08:45-09:30,0.0,0.0,0.0,0.0,0.0%,15(10%)/40(15%)/60(20%)
86,SHORT_ONLY,08:45-09:30,0.0,0.0,0.0,0.0,0.0%,15(10%)/40(15%)/55(20%)
80,SHORT_ONLY,08:45-09:30,0.0,0.0,0.0,0.0,0.0%,15(10%)/40(15%)/45(20%)
83,SHORT_ONLY,08:45-09:30,0.0,0.0,0.0,0.0,0.0%,15(10%)/40(15%)/50(20%)
74,SHORT_ONLY,08:45-09:30,0.0,0.0,0.0,0.0,0.0%,15(10%)/40(10%)/60(20%)
77,SHORT_ONLY,08:45-09:30,0.0,0.0,0.0,0.0,0.0%,15(10%)/40(15%)/40(20%)
71,SHORT_ONLY,08:45-09:30,0.0,0.0,0.0,0.0,0.0%,15(10%)/40(10%)/55(20%)
68,SHORT_ONLY,08:45-09:30,0.0,0.0,0.0,0.0,0.0%,15(10%)/40(10%)/50(20%)
65,SHORT_ONLY,08:45-09:30,0.0,0.0,0.0,0.0,0.0%,15(10%)/40(10%)/45(20%)
62,SHORT_ONLY,08:45-09:30,0.0,0.0,0.0,0.0,0.0%,15(10%)/40(10%)/40(20%)
59,SHORT_ONLY,08:45-09:30,0.0,0.0,0.0,0.0,0.0%,15(10%)/35(15%)/60(20%)
56,SHORT_ONLY,08:45-09:30,0.0,0.0,0.0,0.0,0.0%,15(10%)/35(15%)/55(20%)
53,SHORT_ONLY,08:45-09:30,0.0,0.0,0.0,0.0,0.0%,15(10%)/35(15%)/50(20%)
50,SHORT_ONLY,08:45-09:30,0.0,0.0,0.0,0.0,0.0%,15(10%)/35(15%)/45(20%)
47,SHORT_ONLY,08:45-09:30,0.0,0.0,0.0,0.0,0.0%,15(10%)/35(15%)/40(20%)
41,SHORT_ONLY,08:45-09:30,0.0,0.0,0.0,0.0,0.0%,15(10%)/35(10%)/55(20%)
44,SHORT_ONLY,08:45-09:30,0.0,0.0,0.0,0.0,0.0%,15(10%)/35(10%)/60(20%)
38,SHORT_ONLY,08:45-09:30,0.0,0.0,0.0,0.0,0.0%,15(10%)/35(10%)/50(20%)
35,SHORT_ONLY,08:45-09:30,0.0,0.0,0.0,0.0,0.0%,15(10%)/35(10%)/45(20%)
32,SHORT_ONLY,08:45-09:30,0.0,0.0,0.0,0.0,0.0%,15(10%)/35(10%)/40(20%)
29,SHORT_ONLY,08:45-09:30,0.0,0.0,0.0,0.0,0.0%,15(10%)/30(15%)/60(20%)
26,SHORT_ONLY,08:45-09:30,0.0,0.0,0.0,0.0,0.0%,15(10%)/30(15%)/55(20%)
23,SHORT_ONLY,08:45-09:30,0.0,0.0,0.0,0.0,0.0%,15(10%)/30(15%)/50(20%)
17,SHORT_ONLY,08:45-09:30,0.0,0.0,0.0,0.0,0.0%,15(10%)/30(15%)/40(20%)
20,SHORT_ONLY,08:45-09:30,0.0,0.0,0.0,0.0,0.0%,15(10%)/30(15%)/45(20%)
14,SHORT_ONLY,08:45-09:30,0.0,0.0,0.0,0.0,0.0%,15(10%)/30(10%)/60(20%)
11,SHORT_ONLY,08:45-09:30,0.0,0.0,0.0,0.0,0.0%,15(10%)/30(10%)/55(20%)
8,SHORT_ONLY,08:45-09:30,0.0,0.0,0.0,0.0,0.0%,15(10%)/30(10%)/50(20%)
2,SHORT_ONLY,08:45-09:30,0.0,0.0,0.0,0.0,0.0%,15(10%)/30(10%)/40(20%)
5,SHORT_ONLY,08:45-09:30,0.0,0.0,0.0,0.0,0.0%,15(10%)/30(10%)/45(20%)
