商品代碼,K線類型,交易日期,交易時間,開盤價,最高價,最低價,收盤價,成交量,建立時間
MTX00,MINUTE,2025/06/05 08:46,,21593.0,21611.0,21577.0,21585.0,2160,2025-07-05 07:52:57
MTX00,MINUTE,2025/06/05 08:47,,21587.0,21590.0,21580.0,21588.0,594,2025-07-05 07:52:57
MTX00,MINUTE,2025/06/05 08:48,,21587.0,21588.0,21568.0,21568.0,635,2025-07-05 07:52:57
MTX00,MINUTE,2025/06/05 08:49,,21569.0,21576.0,21567.0,21567.0,361,2025-07-05 07:52:57
MTX00,MINUTE,2025/06/05 08:50,,21569.0,21570.0,21565.0,21565.0,309,2025-07-05 07:52:57
MTX00,MINUTE,2025/06/05 08:51,,21565.0,21571.0,21562.0,21571.0,326,2025-07-05 07:52:57
MTX00,MINUTE,2025/06/05 08:52,,21570.0,21571.0,21560.0,21563.0,409,2025-07-05 07:52:57
MTX00,MINUTE,2025/06/05 08:53,,21563.0,21565.0,21550.0,21551.0,648,2025-07-05 07:52:57
MTX00,MINUTE,2025/06/05 08:54,,21551.0,21571.0,21551.0,21570.0,414,2025-07-05 07:52:57
MTX00,MINUTE,2025/06/05 08:55,,21569.0,21577.0,21569.0,21572.0,416,2025-07-05 07:52:57
MTX00,MINUTE,2025/06/05 08:56,,21571.0,21573.0,21564.0,21566.0,253,2025-07-05 07:52:57
MTX00,MINUTE,2025/06/05 08:57,,21566.0,21573.0,21561.0,21573.0,196,2025-07-05 07:52:57
MTX00,MINUTE,2025/06/05 08:58,,21571.0,21580.0,21569.0,21576.0,353,2025-07-05 07:52:57
MTX00,MINUTE,2025/06/05 08:59,,21576.0,21580.0,21575.0,21579.0,251,2025-07-05 07:52:57
MTX00,MINUTE,2025/06/05 09:00,,21579.0,21584.0,21570.0,21578.0,428,2025-07-05 07:52:57
MTX00,MINUTE,2025/06/05 09:01,,21579.0,21584.0,21561.0,21570.0,1037,2025-07-05 07:52:57
MTX00,MINUTE,2025/06/05 09:02,,21568.0,21572.0,21558.0,21569.0,681,2025-07-05 07:52:57
MTX00,MINUTE,2025/06/05 09:03,,21569.0,21587.0,21567.0,21577.0,870,2025-07-05 07:52:57
MTX00,MINUTE,2025/06/05 09:04,,21576.0,21588.0,21573.0,21573.0,486,2025-07-05 07:52:57
MTX00,MINUTE,2025/06/05 09:05,,21573.0,21589.0,21568.0,21587.0,611,2025-07-05 07:52:57
MTX00,MINUTE,2025/06/05 09:06,,21586.0,21600.0,21574.0,21599.0,1089,2025-07-05 07:52:57
MTX00,MINUTE,2025/06/05 09:07,,21600.0,21607.0,21589.0,21589.0,869,2025-07-05 07:52:57
MTX00,MINUTE,2025/06/05 09:08,,21591.0,21598.0,21577.0,21596.0,537,2025-07-05 07:52:57
MTX00,MINUTE,2025/06/05 09:09,,21594.0,21625.0,21594.0,21618.0,1635,2025-07-05 07:52:57
MTX00,MINUTE,2025/06/05 09:10,,21620.0,21621.0,21607.0,21611.0,691,2025-07-05 07:52:57
MTX00,MINUTE,2025/06/05 09:11,,21613.0,21623.0,21610.0,21620.0,822,2025-07-05 07:52:57
MTX00,MINUTE,2025/06/05 09:12,,21620.0,21622.0,21608.0,21611.0,439,2025-07-05 07:52:57
MTX00,MINUTE,2025/06/05 09:13,,21611.0,21618.0,21593.0,21603.0,736,2025-07-05 07:52:57
MTX00,MINUTE,2025/06/05 09:14,,21603.0,21615.0,21600.0,21608.0,321,2025-07-05 07:52:57
MTX00,MINUTE,2025/06/05 09:15,,21606.0,21617.0,21606.0,21607.0,361,2025-07-05 07:52:57
MTX00,MINUTE,2025/06/05 09:16,,21607.0,21620.0,21603.0,21617.0,433,2025-07-05 07:52:57
MTX00,MINUTE,2025/06/05 09:17,,21619.0,21636.0,21618.0,21632.0,1306,2025-07-05 07:52:57
MTX00,MINUTE,2025/06/05 09:18,,21634.0,21638.0,21609.0,21624.0,965,2025-07-05 07:52:57
MTX00,MINUTE,2025/06/05 09:19,,21626.0,21629.0,21620.0,21623.0,314,2025-07-05 07:52:57
MTX00,MINUTE,2025/06/05 09:20,,21623.0,21625.0,21613.0,21625.0,306,2025-07-05 07:52:57
MTX00,MINUTE,2025/06/05 09:21,,21625.0,21629.0,21608.0,21612.0,442,2025-07-05 07:52:57
MTX00,MINUTE,2025/06/05 09:22,,21613.0,21618.0,21600.0,21602.0,738,2025-07-05 07:52:57
MTX00,MINUTE,2025/06/05 09:23,,21602.0,21615.0,21602.0,21613.0,339,2025-07-05 07:52:57
MTX00,MINUTE,2025/06/05 09:24,,21614.0,21619.0,21600.0,21600.0,382,2025-07-05 07:52:57
MTX00,MINUTE,2025/06/05 09:25,,21600.0,21610.0,21599.0,21603.0,395,2025-07-05 07:52:57
MTX00,MINUTE,2025/06/05 09:26,,21603.0,21605.0,21587.0,21587.0,769,2025-07-05 07:52:57
MTX00,MINUTE,2025/06/05 09:27,,21589.0,21595.0,21586.0,21590.0,450,2025-07-05 07:52:57
MTX00,MINUTE,2025/06/05 09:28,,21590.0,21595.0,21580.0,21594.0,694,2025-07-05 07:52:57
MTX00,MINUTE,2025/06/05 09:29,,21594.0,21600.0,21588.0,21598.0,291,2025-07-05 07:52:57
MTX00,MINUTE,2025/06/05 09:30,,21599.0,21600.0,21593.0,21596.0,184,2025-07-05 07:52:57
MTX00,MINUTE,2025/06/05 09:31,,21593.0,21620.0,21593.0,21617.0,819,2025-07-05 07:52:57
MTX00,MINUTE,2025/06/05 09:32,,21617.0,21625.0,21614.0,21616.0,613,2025-07-05 07:52:57
MTX00,MINUTE,2025/06/05 09:33,,21616.0,21621.0,21609.0,21611.0,265,2025-07-05 07:52:57
MTX00,MINUTE,2025/06/05 09:34,,21611.0,21615.0,21605.0,21608.0,281,2025-07-05 07:52:57
MTX00,MINUTE,2025/06/05 09:35,,21609.0,21613.0,21596.0,21596.0,310,2025-07-05 07:52:57
MTX00,MINUTE,2025/06/05 09:36,,21596.0,21607.0,21587.0,21607.0,580,2025-07-05 07:52:57
MTX00,MINUTE,2025/06/05 09:37,,21607.0,21617.0,21598.0,21613.0,481,2025-07-05 07:52:57
MTX00,MINUTE,2025/06/05 09:38,,21615.0,21633.0,21613.0,21619.0,992,2025-07-05 07:52:57
MTX00,MINUTE,2025/06/05 09:39,,21618.0,21635.0,21615.0,21635.0,432,2025-07-05 07:52:57
MTX00,MINUTE,2025/06/05 09:40,,21635.0,21639.0,21627.0,21627.0,972,2025-07-05 07:52:57
MTX00,MINUTE,2025/06/05 09:41,,21627.0,21642.0,21626.0,21641.0,627,2025-07-05 07:52:57
MTX00,MINUTE,2025/06/05 09:42,,21642.0,21644.0,21634.0,21640.0,450,2025-07-05 07:52:57
MTX00,MINUTE,2025/06/05 09:43,,21640.0,21641.0,21630.0,21640.0,351,2025-07-05 07:52:57
MTX00,MINUTE,2025/06/05 09:44,,21639.0,21649.0,21639.0,21646.0,571,2025-07-05 07:52:57
MTX00,MINUTE,2025/06/05 09:45,,21649.0,21652.0,21647.0,21650.0,654,2025-07-05 07:52:57
MTX00,MINUTE,2025/06/05 09:46,,21650.0,21662.0,21647.0,21659.0,1366,2025-07-05 07:52:57
MTX00,MINUTE,2025/06/05 09:47,,21660.0,21666.0,21652.0,21656.0,797,2025-07-05 07:52:57
MTX00,MINUTE,2025/06/05 09:48,,21655.0,21662.0,21651.0,21657.0,365,2025-07-05 07:52:57
MTX00,MINUTE,2025/06/05 09:49,,21658.0,21666.0,21658.0,21663.0,421,2025-07-05 07:52:57
MTX00,MINUTE,2025/06/05 09:50,,21665.0,21678.0,21665.0,21676.0,866,2025-07-05 07:52:57
MTX00,MINUTE,2025/06/05 09:51,,21676.0,21677.0,21659.0,21662.0,663,2025-07-05 07:52:57
MTX00,MINUTE,2025/06/05 09:52,,21662.0,21666.0,21657.0,21662.0,297,2025-07-05 07:52:57
MTX00,MINUTE,2025/06/05 09:53,,21661.0,21665.0,21659.0,21659.0,181,2025-07-05 07:52:57
MTX00,MINUTE,2025/06/05 09:54,,21660.0,21663.0,21656.0,21657.0,296,2025-07-05 07:52:57
MTX00,MINUTE,2025/06/05 09:55,,21657.0,21659.0,21646.0,21650.0,742,2025-07-05 07:52:57
MTX00,MINUTE,2025/06/05 09:56,,21651.0,21652.0,21645.0,21646.0,381,2025-07-05 07:52:57
MTX00,MINUTE,2025/06/05 09:57,,21649.0,21654.0,21646.0,21652.0,215,2025-07-05 07:52:57
MTX00,MINUTE,2025/06/05 09:58,,21652.0,21653.0,21638.0,21641.0,510,2025-07-05 07:52:57
MTX00,MINUTE,2025/06/05 09:59,,21641.0,21650.0,21638.0,21649.0,279,2025-07-05 07:52:57
MTX00,MINUTE,2025/06/05 10:00,,21649.0,21650.0,21646.0,21648.0,126,2025-07-05 07:52:57
MTX00,MINUTE,2025/06/05 10:01,,21648.0,21660.0,21647.0,21656.0,556,2025-07-05 07:52:57
MTX00,MINUTE,2025/06/05 10:02,,21656.0,21657.0,21648.0,21648.0,202,2025-07-05 07:52:57
MTX00,MINUTE,2025/06/05 10:03,,21648.0,21650.0,21636.0,21638.0,408,2025-07-05 07:52:57
MTX00,MINUTE,2025/06/05 10:04,,21639.0,21641.0,21628.0,21629.0,509,2025-07-05 07:52:57
MTX00,MINUTE,2025/06/05 10:05,,21629.0,21632.0,21625.0,21629.0,386,2025-07-05 07:52:57
MTX00,MINUTE,2025/06/05 10:06,,21628.0,21628.0,21614.0,21616.0,680,2025-07-05 07:52:57
MTX00,MINUTE,2025/06/05 10:07,,21617.0,21622.0,21597.0,21600.0,1226,2025-07-05 07:52:57
MTX00,MINUTE,2025/06/05 10:08,,21600.0,21605.0,21580.0,21584.0,1198,2025-07-05 07:52:57
MTX00,MINUTE,2025/06/05 10:09,,21584.0,21588.0,21566.0,21567.0,1348,2025-07-05 07:52:57
MTX00,MINUTE,2025/06/05 10:10,,21568.0,21579.0,21557.0,21577.0,1210,2025-07-05 07:52:57
MTX00,MINUTE,2025/06/05 10:11,,21575.0,21576.0,21565.0,21573.0,580,2025-07-05 07:52:57
MTX00,MINUTE,2025/06/05 10:12,,21573.0,21590.0,21573.0,21583.0,713,2025-07-05 07:52:57
MTX00,MINUTE,2025/06/05 10:13,,21583.0,21594.0,21582.0,21586.0,423,2025-07-05 07:52:57
MTX00,MINUTE,2025/06/05 10:14,,21587.0,21592.0,21577.0,21584.0,403,2025-07-05 07:52:57
MTX00,MINUTE,2025/06/05 10:15,,21582.0,21582.0,21575.0,21578.0,256,2025-07-05 07:52:57
MTX00,MINUTE,2025/06/05 10:16,,21579.0,21585.0,21575.0,21575.0,342,2025-07-05 07:52:57
MTX00,MINUTE,2025/06/05 10:17,,21575.0,21579.0,21569.0,21569.0,228,2025-07-05 07:52:57
MTX00,MINUTE,2025/06/05 10:18,,21568.0,21574.0,21568.0,21574.0,222,2025-07-05 07:52:57
MTX00,MINUTE,2025/06/05 10:19,,21573.0,21583.0,21572.0,21578.0,364,2025-07-05 07:52:57
MTX00,MINUTE,2025/06/05 10:20,,21579.0,21579.0,21565.0,21565.0,317,2025-07-05 07:52:57
MTX00,MINUTE,2025/06/05 10:21,,21566.0,21569.0,21556.0,21567.0,642,2025-07-05 07:52:57
MTX00,MINUTE,2025/06/05 10:22,,21568.0,21568.0,21555.0,21560.0,412,2025-07-05 07:52:57
MTX00,MINUTE,2025/06/05 10:23,,21558.0,21570.0,21557.0,21569.0,270,2025-07-05 07:52:57
MTX00,MINUTE,2025/06/05 10:24,,21570.0,21571.0,21540.0,21542.0,1277,2025-07-05 07:52:57
MTX00,MINUTE,2025/06/05 10:25,,21542.0,21544.0,21533.0,21533.0,986,2025-07-05 07:52:57
MTX00,MINUTE,2025/06/05 10:26,,21534.0,21538.0,21529.0,21533.0,849,2025-07-05 07:52:57
MTX00,MINUTE,2025/06/05 10:27,,21533.0,21536.0,21531.0,21535.0,311,2025-07-05 07:52:57
MTX00,MINUTE,2025/06/05 10:28,,21534.0,21548.0,21533.0,21540.0,406,2025-07-05 07:52:57
MTX00,MINUTE,2025/06/05 10:29,,21538.0,21548.0,21536.0,21546.0,202,2025-07-05 07:52:57
MTX00,MINUTE,2025/06/05 10:30,,21545.0,21545.0,21536.0,21537.0,252,2025-07-05 07:52:57
MTX00,MINUTE,2025/06/05 10:31,,21537.0,21539.0,21521.0,21538.0,1054,2025-07-05 07:52:57
MTX00,MINUTE,2025/06/05 10:32,,21537.0,21551.0,21534.0,21544.0,501,2025-07-05 07:52:57
MTX00,MINUTE,2025/06/05 10:33,,21543.0,21550.0,21543.0,21550.0,345,2025-07-05 07:52:57
MTX00,MINUTE,2025/06/05 10:34,,21549.0,21553.0,21545.0,21553.0,362,2025-07-05 07:52:57
MTX00,MINUTE,2025/06/05 10:35,,21552.0,21555.0,21547.0,21555.0,228,2025-07-05 07:52:57
MTX00,MINUTE,2025/06/05 10:36,,21553.0,21555.0,21550.0,21553.0,276,2025-07-05 07:52:57
MTX00,MINUTE,2025/06/05 10:37,,21552.0,21553.0,21541.0,21543.0,322,2025-07-05 07:52:57
MTX00,MINUTE,2025/06/05 10:38,,21543.0,21549.0,21542.0,21546.0,164,2025-07-05 07:52:57
MTX00,MINUTE,2025/06/05 10:39,,21547.0,21560.0,21547.0,21554.0,310,2025-07-05 07:52:57
MTX00,MINUTE,2025/06/05 10:40,,21553.0,21553.0,21545.0,21550.0,159,2025-07-05 07:52:57
MTX00,MINUTE,2025/06/05 10:41,,21550.0,21550.0,21527.0,21527.0,466,2025-07-05 07:52:57
MTX00,MINUTE,2025/06/05 10:42,,21527.0,21530.0,21516.0,21518.0,874,2025-07-05 07:52:57
MTX00,MINUTE,2025/06/05 10:43,,21518.0,21526.0,21513.0,21525.0,667,2025-07-05 07:52:57
MTX00,MINUTE,2025/06/05 10:44,,21525.0,21532.0,21522.0,21532.0,333,2025-07-05 07:52:57
MTX00,MINUTE,2025/06/05 10:45,,21532.0,21536.0,21528.0,21529.0,210,2025-07-05 07:52:57
MTX00,MINUTE,2025/06/05 10:46,,21531.0,21534.0,21517.0,21532.0,619,2025-07-05 07:52:57
MTX00,MINUTE,2025/06/05 10:47,,21533.0,21540.0,21532.0,21538.0,325,2025-07-05 07:52:57
MTX00,MINUTE,2025/06/05 10:48,,21538.0,21543.0,21536.0,21539.0,238,2025-07-05 07:52:57
MTX00,MINUTE,2025/06/05 10:49,,21541.0,21542.0,21532.0,21533.0,144,2025-07-05 07:52:57
MTX00,MINUTE,2025/06/05 10:50,,21532.0,21539.0,21531.0,21535.0,174,2025-07-05 07:52:57
MTX00,MINUTE,2025/06/05 10:51,,21534.0,21539.0,21531.0,21533.0,112,2025-07-05 07:52:57
MTX00,MINUTE,2025/06/05 10:52,,21532.0,21539.0,21531.0,21534.0,116,2025-07-05 07:52:57
MTX00,MINUTE,2025/06/05 10:53,,21533.0,21541.0,21531.0,21541.0,95,2025-07-05 07:52:57
MTX00,MINUTE,2025/06/05 10:54,,21539.0,21544.0,21538.0,21542.0,193,2025-07-05 07:52:57
MTX00,MINUTE,2025/06/05 10:55,,21541.0,21544.0,21535.0,21535.0,112,2025-07-05 07:52:57
MTX00,MINUTE,2025/06/05 10:56,,21537.0,21546.0,21534.0,21545.0,157,2025-07-05 07:52:57
MTX00,MINUTE,2025/06/05 10:57,,21546.0,21547.0,21532.0,21533.0,193,2025-07-05 07:52:57
MTX00,MINUTE,2025/06/05 10:58,,21534.0,21538.0,21532.0,21535.0,111,2025-07-05 07:52:57
MTX00,MINUTE,2025/06/05 10:59,,21535.0,21538.0,21533.0,21533.0,96,2025-07-05 07:52:57
MTX00,MINUTE,2025/06/05 11:00,,21532.0,21537.0,21530.0,21532.0,117,2025-07-05 07:52:57
MTX00,MINUTE,2025/06/05 11:01,,21533.0,21542.0,21532.0,21540.0,157,2025-07-05 07:52:57
MTX00,MINUTE,2025/06/05 11:02,,21542.0,21543.0,21533.0,21541.0,195,2025-07-05 07:52:57
MTX00,MINUTE,2025/06/05 11:03,,21541.0,21546.0,21539.0,21539.0,129,2025-07-05 07:52:57
MTX00,MINUTE,2025/06/05 11:04,,21539.0,21541.0,21533.0,21537.0,103,2025-07-05 07:52:57
MTX00,MINUTE,2025/06/05 11:05,,21538.0,21538.0,21528.0,21529.0,239,2025-07-05 07:52:57
MTX00,MINUTE,2025/06/05 11:06,,21530.0,21531.0,21522.0,21528.0,282,2025-07-05 07:52:57
MTX00,MINUTE,2025/06/05 11:07,,21527.0,21535.0,21526.0,21528.0,154,2025-07-05 07:52:57
MTX00,MINUTE,2025/06/05 11:08,,21528.0,21531.0,21525.0,21525.0,106,2025-07-05 07:52:57
MTX00,MINUTE,2025/06/05 11:09,,21526.0,21532.0,21523.0,21530.0,137,2025-07-05 07:52:57
MTX00,MINUTE,2025/06/05 11:10,,21532.0,21540.0,21529.0,21538.0,158,2025-07-05 07:52:57
MTX00,MINUTE,2025/06/05 11:11,,21538.0,21548.0,21538.0,21541.0,327,2025-07-05 07:52:57
MTX00,MINUTE,2025/06/05 11:12,,21541.0,21558.0,21541.0,21557.0,629,2025-07-05 07:52:57
MTX00,MINUTE,2025/06/05 11:13,,21558.0,21560.0,21553.0,21556.0,315,2025-07-05 07:52:57
MTX00,MINUTE,2025/06/05 11:14,,21557.0,21560.0,21552.0,21554.0,200,2025-07-05 07:52:57
MTX00,MINUTE,2025/06/05 11:15,,21554.0,21556.0,21550.0,21552.0,149,2025-07-05 07:52:57
MTX00,MINUTE,2025/06/05 11:16,,21552.0,21557.0,21551.0,21553.0,159,2025-07-05 07:52:57
MTX00,MINUTE,2025/06/05 11:17,,21553.0,21555.0,21549.0,21552.0,142,2025-07-05 07:52:57
MTX00,MINUTE,2025/06/05 11:18,,21550.0,21552.0,21545.0,21549.0,134,2025-07-05 07:52:57
MTX00,MINUTE,2025/06/05 11:19,,21547.0,21551.0,21547.0,21549.0,59,2025-07-05 07:52:57
MTX00,MINUTE,2025/06/05 11:20,,21549.0,21557.0,21549.0,21555.0,124,2025-07-05 07:52:57
MTX00,MINUTE,2025/06/05 11:21,,21553.0,21556.0,21551.0,21551.0,129,2025-07-05 07:52:57
MTX00,MINUTE,2025/06/05 11:22,,21551.0,21555.0,21549.0,21553.0,97,2025-07-05 07:52:57
MTX00,MINUTE,2025/06/05 11:23,,21554.0,21561.0,21553.0,21561.0,175,2025-07-05 07:52:57
MTX00,MINUTE,2025/06/05 11:24,,21561.0,21562.0,21552.0,21554.0,201,2025-07-05 07:52:57
MTX00,MINUTE,2025/06/05 11:25,,21555.0,21558.0,21554.0,21558.0,61,2025-07-05 07:52:57
MTX00,MINUTE,2025/06/05 11:26,,21557.0,21558.0,21552.0,21557.0,96,2025-07-05 07:52:57
MTX00,MINUTE,2025/06/05 11:27,,21556.0,21562.0,21556.0,21560.0,105,2025-07-05 07:52:57
MTX00,MINUTE,2025/06/05 11:28,,21562.0,21565.0,21557.0,21563.0,290,2025-07-05 07:52:57
MTX00,MINUTE,2025/06/05 11:29,,21563.0,21573.0,21563.0,21572.0,451,2025-07-05 07:52:57
MTX00,MINUTE,2025/06/05 11:30,,21572.0,21574.0,21567.0,21568.0,265,2025-07-05 07:52:57
MTX00,MINUTE,2025/06/05 11:31,,21569.0,21575.0,21569.0,21571.0,245,2025-07-05 07:52:57
MTX00,MINUTE,2025/06/05 11:32,,21573.0,21576.0,21568.0,21570.0,250,2025-07-05 07:52:57
MTX00,MINUTE,2025/06/05 11:33,,21571.0,21571.0,21563.0,21566.0,118,2025-07-05 07:52:57
MTX00,MINUTE,2025/06/05 11:34,,21566.0,21569.0,21562.0,21567.0,216,2025-07-05 07:52:57
MTX00,MINUTE,2025/06/05 11:35,,21567.0,21567.0,21562.0,21563.0,87,2025-07-05 07:52:57
MTX00,MINUTE,2025/06/05 11:36,,21563.0,21567.0,21560.0,21565.0,122,2025-07-05 07:52:57
MTX00,MINUTE,2025/06/05 11:37,,21563.0,21564.0,21555.0,21556.0,164,2025-07-05 07:52:57
MTX00,MINUTE,2025/06/05 11:38,,21555.0,21560.0,21554.0,21559.0,168,2025-07-05 07:52:57
MTX00,MINUTE,2025/06/05 11:39,,21558.0,21558.0,21552.0,21553.0,76,2025-07-05 07:52:57
MTX00,MINUTE,2025/06/05 11:40,,21553.0,21563.0,21552.0,21558.0,262,2025-07-05 07:52:57
MTX00,MINUTE,2025/06/05 11:41,,21558.0,21564.0,21558.0,21563.0,191,2025-07-05 07:52:57
MTX00,MINUTE,2025/06/05 11:42,,21563.0,21570.0,21563.0,21569.0,128,2025-07-05 07:52:57
MTX00,MINUTE,2025/06/05 11:43,,21569.0,21571.0,21568.0,21571.0,82,2025-07-05 07:52:57
MTX00,MINUTE,2025/06/05 11:44,,21570.0,21578.0,21568.0,21574.0,249,2025-07-05 07:52:57
MTX00,MINUTE,2025/06/05 11:45,,21577.0,21583.0,21575.0,21577.0,445,2025-07-05 07:52:57
MTX00,MINUTE,2025/06/05 11:46,,21577.0,21578.0,21564.0,21565.0,248,2025-07-05 07:52:57
MTX00,MINUTE,2025/06/05 11:47,,21565.0,21565.0,21554.0,21556.0,228,2025-07-05 07:52:57
MTX00,MINUTE,2025/06/05 11:48,,21557.0,21560.0,21554.0,21558.0,128,2025-07-05 07:52:57
MTX00,MINUTE,2025/06/05 11:49,,21558.0,21560.0,21554.0,21557.0,113,2025-07-05 07:52:57
MTX00,MINUTE,2025/06/05 11:50,,21557.0,21558.0,21554.0,21557.0,69,2025-07-05 07:52:57
MTX00,MINUTE,2025/06/05 11:51,,21557.0,21560.0,21553.0,21556.0,110,2025-07-05 07:52:57
MTX00,MINUTE,2025/06/05 11:52,,21557.0,21562.0,21556.0,21559.0,63,2025-07-05 07:52:57
MTX00,MINUTE,2025/06/05 11:53,,21560.0,21564.0,21559.0,21560.0,96,2025-07-05 07:52:57
MTX00,MINUTE,2025/06/05 11:54,,21559.0,21561.0,21554.0,21554.0,96,2025-07-05 07:52:57
MTX00,MINUTE,2025/06/05 11:55,,21553.0,21558.0,21553.0,21558.0,49,2025-07-05 07:52:57
MTX00,MINUTE,2025/06/05 11:56,,21558.0,21562.0,21557.0,21561.0,58,2025-07-05 07:52:57
MTX00,MINUTE,2025/06/05 11:57,,21562.0,21562.0,21557.0,21559.0,52,2025-07-05 07:52:57
MTX00,MINUTE,2025/06/05 11:58,,21558.0,21560.0,21556.0,21560.0,60,2025-07-05 07:52:57
MTX00,MINUTE,2025/06/05 11:59,,21560.0,21560.0,21554.0,21557.0,74,2025-07-05 07:52:57
MTX00,MINUTE,2025/06/05 12:00,,21558.0,21560.0,21557.0,21560.0,57,2025-07-05 07:52:57
MTX00,MINUTE,2025/06/05 12:01,,21560.0,21562.0,21555.0,21559.0,148,2025-07-05 07:52:57
MTX00,MINUTE,2025/06/05 12:02,,21558.0,21564.0,21558.0,21563.0,64,2025-07-05 07:52:57
MTX00,MINUTE,2025/06/05 12:03,,21563.0,21565.0,21562.0,21563.0,54,2025-07-05 07:52:57
MTX00,MINUTE,2025/06/05 12:04,,21563.0,21568.0,21562.0,21563.0,122,2025-07-05 07:52:57
MTX00,MINUTE,2025/06/05 12:05,,21562.0,21562.0,21558.0,21558.0,47,2025-07-05 07:52:57
MTX00,MINUTE,2025/06/05 12:06,,21558.0,21560.0,21549.0,21552.0,277,2025-07-05 07:52:57
MTX00,MINUTE,2025/06/05 12:07,,21552.0,21553.0,21543.0,21547.0,278,2025-07-05 07:52:57
MTX00,MINUTE,2025/06/05 12:08,,21547.0,21551.0,21543.0,21547.0,145,2025-07-05 07:52:57
MTX00,MINUTE,2025/06/05 12:09,,21548.0,21551.0,21548.0,21548.0,58,2025-07-05 07:52:57
MTX00,MINUTE,2025/06/05 12:10,,21547.0,21552.0,21544.0,21551.0,79,2025-07-05 07:52:57
MTX00,MINUTE,2025/06/05 12:11,,21549.0,21550.0,21546.0,21549.0,37,2025-07-05 07:52:57
MTX00,MINUTE,2025/06/05 12:12,,21548.0,21552.0,21548.0,21552.0,51,2025-07-05 07:52:57
MTX00,MINUTE,2025/06/05 12:13,,21551.0,21554.0,21548.0,21548.0,69,2025-07-05 07:52:57
MTX00,MINUTE,2025/06/05 12:14,,21548.0,21549.0,21546.0,21546.0,42,2025-07-05 07:52:57
MTX00,MINUTE,2025/06/05 12:15,,21547.0,21550.0,21545.0,21547.0,46,2025-07-05 07:52:57
MTX00,MINUTE,2025/06/05 12:16,,21546.0,21549.0,21541.0,21541.0,125,2025-07-05 07:52:57
MTX00,MINUTE,2025/06/05 12:17,,21541.0,21544.0,21540.0,21543.0,132,2025-07-05 07:52:57
MTX00,MINUTE,2025/06/05 12:18,,21543.0,21545.0,21540.0,21544.0,96,2025-07-05 07:52:57
MTX00,MINUTE,2025/06/05 12:19,,21543.0,21550.0,21542.0,21549.0,72,2025-07-05 07:52:57
MTX00,MINUTE,2025/06/05 12:20,,21548.0,21551.0,21548.0,21548.0,84,2025-07-05 07:52:57
MTX00,MINUTE,2025/06/05 12:21,,21549.0,21555.0,21548.0,21555.0,74,2025-07-05 07:52:57
MTX00,MINUTE,2025/06/05 12:22,,21555.0,21563.0,21555.0,21560.0,179,2025-07-05 07:52:57
MTX00,MINUTE,2025/06/05 12:23,,21560.0,21561.0,21558.0,21561.0,69,2025-07-05 07:52:57
MTX00,MINUTE,2025/06/05 12:24,,21560.0,21563.0,21557.0,21558.0,112,2025-07-05 07:52:57
MTX00,MINUTE,2025/06/05 12:25,,21559.0,21560.0,21558.0,21559.0,25,2025-07-05 07:52:57
MTX00,MINUTE,2025/06/05 12:26,,21559.0,21559.0,21554.0,21556.0,72,2025-07-05 07:52:57
MTX00,MINUTE,2025/06/05 12:27,,21556.0,21560.0,21556.0,21560.0,54,2025-07-05 07:52:57
MTX00,MINUTE,2025/06/05 12:28,,21559.0,21561.0,21558.0,21558.0,39,2025-07-05 07:52:57
MTX00,MINUTE,2025/06/05 12:29,,21558.0,21558.0,21553.0,21554.0,65,2025-07-05 07:52:57
MTX00,MINUTE,2025/06/05 12:30,,21553.0,21556.0,21548.0,21548.0,73,2025-07-05 07:52:57
MTX00,MINUTE,2025/06/05 12:31,,21547.0,21549.0,21538.0,21542.0,288,2025-07-05 07:52:57
MTX00,MINUTE,2025/06/05 12:32,,21540.0,21543.0,21536.0,21540.0,143,2025-07-05 07:52:57
MTX00,MINUTE,2025/06/05 12:33,,21540.0,21541.0,21537.0,21537.0,125,2025-07-05 07:52:57
MTX00,MINUTE,2025/06/05 12:34,,21537.0,21541.0,21536.0,21537.0,100,2025-07-05 07:52:57
MTX00,MINUTE,2025/06/05 12:35,,21537.0,21540.0,21535.0,21537.0,132,2025-07-05 07:52:57
MTX00,MINUTE,2025/06/05 12:36,,21538.0,21541.0,21536.0,21541.0,127,2025-07-05 07:52:57
MTX00,MINUTE,2025/06/05 12:37,,21540.0,21542.0,21536.0,21542.0,124,2025-07-05 07:52:57
MTX00,MINUTE,2025/06/05 12:38,,21542.0,21547.0,21542.0,21544.0,101,2025-07-05 07:52:57
MTX00,MINUTE,2025/06/05 12:39,,21545.0,21546.0,21540.0,21540.0,71,2025-07-05 07:52:57
MTX00,MINUTE,2025/06/05 12:40,,21540.0,21545.0,21540.0,21541.0,56,2025-07-05 07:52:57
MTX00,MINUTE,2025/06/05 12:41,,21543.0,21551.0,21541.0,21546.0,227,2025-07-05 07:52:57
MTX00,MINUTE,2025/06/05 12:42,,21545.0,21545.0,21540.0,21541.0,72,2025-07-05 07:52:57
MTX00,MINUTE,2025/06/05 12:43,,21541.0,21541.0,21533.0,21535.0,179,2025-07-05 07:52:57
MTX00,MINUTE,2025/06/05 12:44,,21534.0,21537.0,21533.0,21535.0,52,2025-07-05 07:52:57
MTX00,MINUTE,2025/06/05 12:45,,21534.0,21537.0,21532.0,21533.0,131,2025-07-05 07:52:57
MTX00,MINUTE,2025/06/05 12:46,,21534.0,21537.0,21531.0,21535.0,152,2025-07-05 07:52:57
MTX00,MINUTE,2025/06/05 12:47,,21534.0,21534.0,21528.0,21530.0,158,2025-07-05 07:52:57
MTX00,MINUTE,2025/06/05 12:48,,21530.0,21532.0,21526.0,21528.0,122,2025-07-05 07:52:57
MTX00,MINUTE,2025/06/05 12:49,,21528.0,21528.0,21525.0,21526.0,136,2025-07-05 07:52:57
MTX00,MINUTE,2025/06/05 12:50,,21526.0,21530.0,21525.0,21529.0,58,2025-07-05 07:52:57
MTX00,MINUTE,2025/06/05 12:51,,21528.0,21529.0,21525.0,21526.0,96,2025-07-05 07:52:57
MTX00,MINUTE,2025/06/05 12:52,,21526.0,21528.0,21525.0,21526.0,41,2025-07-05 07:52:57
MTX00,MINUTE,2025/06/05 12:53,,21527.0,21528.0,21522.0,21528.0,148,2025-07-05 07:52:57
MTX00,MINUTE,2025/06/05 12:54,,21528.0,21528.0,21524.0,21527.0,67,2025-07-05 07:52:57
MTX00,MINUTE,2025/06/05 12:55,,21526.0,21533.0,21526.0,21533.0,97,2025-07-05 07:52:57
MTX00,MINUTE,2025/06/05 12:56,,21533.0,21538.0,21532.0,21537.0,175,2025-07-05 07:52:57
MTX00,MINUTE,2025/06/05 12:57,,21537.0,21540.0,21535.0,21536.0,98,2025-07-05 07:52:57
MTX00,MINUTE,2025/06/05 12:58,,21537.0,21542.0,21535.0,21541.0,117,2025-07-05 07:52:57
MTX00,MINUTE,2025/06/05 12:59,,21541.0,21543.0,21536.0,21536.0,99,2025-07-05 07:52:57
MTX00,MINUTE,2025/06/05 13:00,,21537.0,21540.0,21536.0,21540.0,45,2025-07-05 07:52:57
MTX00,MINUTE,2025/06/05 13:01,,21541.0,21545.0,21536.0,21536.0,158,2025-07-05 07:52:57
MTX00,MINUTE,2025/06/05 13:02,,21536.0,21537.0,21532.0,21535.0,90,2025-07-05 07:52:57
MTX00,MINUTE,2025/06/05 13:03,,21534.0,21534.0,21527.0,21530.0,118,2025-07-05 07:52:57
MTX00,MINUTE,2025/06/05 13:04,,21529.0,21534.0,21528.0,21529.0,94,2025-07-05 07:52:57
MTX00,MINUTE,2025/06/05 13:05,,21528.0,21531.0,21528.0,21529.0,60,2025-07-05 07:52:57
MTX00,MINUTE,2025/06/05 13:06,,21529.0,21538.0,21528.0,21537.0,98,2025-07-05 07:52:57
MTX00,MINUTE,2025/06/05 13:07,,21536.0,21538.0,21535.0,21536.0,64,2025-07-05 07:52:57
MTX00,MINUTE,2025/06/05 13:08,,21535.0,21536.0,21533.0,21535.0,59,2025-07-05 07:52:57
MTX00,MINUTE,2025/06/05 13:09,,21535.0,21538.0,21534.0,21537.0,39,2025-07-05 07:52:57
MTX00,MINUTE,2025/06/05 13:10,,21536.0,21540.0,21534.0,21537.0,66,2025-07-05 07:52:57
MTX00,MINUTE,2025/06/05 13:11,,21537.0,21540.0,21535.0,21536.0,63,2025-07-05 07:52:57
MTX00,MINUTE,2025/06/05 13:12,,21537.0,21538.0,21536.0,21537.0,30,2025-07-05 07:52:57
MTX00,MINUTE,2025/06/05 13:13,,21538.0,21539.0,21533.0,21535.0,67,2025-07-05 07:52:57
MTX00,MINUTE,2025/06/05 13:14,,21535.0,21538.0,21534.0,21536.0,34,2025-07-05 07:52:57
MTX00,MINUTE,2025/06/05 13:15,,21535.0,21537.0,21535.0,21537.0,23,2025-07-05 07:52:57
MTX00,MINUTE,2025/06/05 13:16,,21537.0,21537.0,21532.0,21532.0,105,2025-07-05 07:52:57
MTX00,MINUTE,2025/06/05 13:17,,21532.0,21537.0,21532.0,21536.0,42,2025-07-05 07:52:57
MTX00,MINUTE,2025/06/05 13:18,,21536.0,21538.0,21535.0,21536.0,49,2025-07-05 07:52:57
MTX00,MINUTE,2025/06/05 13:19,,21537.0,21540.0,21534.0,21534.0,98,2025-07-05 07:52:57
MTX00,MINUTE,2025/06/05 13:20,,21536.0,21540.0,21536.0,21536.0,56,2025-07-05 07:52:57
MTX00,MINUTE,2025/06/05 13:21,,21537.0,21538.0,21530.0,21530.0,110,2025-07-05 07:52:57
MTX00,MINUTE,2025/06/05 13:22,,21531.0,21538.0,21530.0,21538.0,54,2025-07-05 07:52:57
MTX00,MINUTE,2025/06/05 13:23,,21538.0,21539.0,21536.0,21537.0,48,2025-07-05 07:52:57
MTX00,MINUTE,2025/06/05 13:24,,21537.0,21538.0,21536.0,21536.0,50,2025-07-05 07:52:57
MTX00,MINUTE,2025/06/05 13:25,,21536.0,21537.0,21532.0,21535.0,95,2025-07-05 07:52:57
MTX00,MINUTE,2025/06/05 13:26,,21535.0,21539.0,21531.0,21533.0,345,2025-07-05 07:52:57
MTX00,MINUTE,2025/06/05 13:27,,21534.0,21539.0,21532.0,21537.0,135,2025-07-05 07:52:57
MTX00,MINUTE,2025/06/05 13:28,,21534.0,21542.0,21533.0,21541.0,175,2025-07-05 07:52:57
MTX00,MINUTE,2025/06/05 13:29,,21541.0,21547.0,21539.0,21541.0,225,2025-07-05 07:52:57
MTX00,MINUTE,2025/06/05 13:30,,21543.0,21554.0,21541.0,21554.0,391,2025-07-05 07:52:57
MTX00,MINUTE,2025/06/05 13:31,,21552.0,21555.0,21547.0,21551.0,490,2025-07-05 07:52:57
MTX00,MINUTE,2025/06/05 13:32,,21551.0,21555.0,21551.0,21554.0,289,2025-07-05 07:52:57
MTX00,MINUTE,2025/06/05 13:33,,21553.0,21561.0,21552.0,21555.0,324,2025-07-05 07:52:57
MTX00,MINUTE,2025/06/05 13:34,,21553.0,21556.0,21545.0,21551.0,322,2025-07-05 07:52:57
MTX00,MINUTE,2025/06/05 13:35,,21550.0,21550.0,21546.0,21548.0,105,2025-07-05 07:52:57
MTX00,MINUTE,2025/06/05 13:36,,21547.0,21551.0,21544.0,21549.0,228,2025-07-05 07:52:57
MTX00,MINUTE,2025/06/05 13:37,,21550.0,21552.0,21548.0,21552.0,64,2025-07-05 07:52:57
MTX00,MINUTE,2025/06/05 13:38,,21552.0,21552.0,21549.0,21550.0,77,2025-07-05 07:52:57
MTX00,MINUTE,2025/06/05 13:39,,21550.0,21551.0,21548.0,21550.0,79,2025-07-05 07:52:57
MTX00,MINUTE,2025/06/05 13:40,,21552.0,21555.0,21550.0,21554.0,104,2025-07-05 07:52:57
MTX00,MINUTE,2025/06/05 13:41,,21554.0,21555.0,21547.0,21548.0,149,2025-07-05 07:52:57
MTX00,MINUTE,2025/06/05 13:42,,21548.0,21549.0,21547.0,21549.0,94,2025-07-05 07:52:57
MTX00,MINUTE,2025/06/05 13:43,,21549.0,21555.0,21547.0,21555.0,144,2025-07-05 07:52:57
MTX00,MINUTE,2025/06/05 13:44,,21555.0,21559.0,21554.0,21557.0,207,2025-07-05 07:52:57
MTX00,MINUTE,2025/06/05 13:45,,21556.0,21559.0,21554.0,21554.0,275,2025-07-05 07:52:57
MTX00,MINUTE,2025/06/06 08:46,,21580.0,21600.0,21579.0,21590.0,2042,2025-07-05 07:52:57
MTX00,MINUTE,2025/06/06 08:47,,21590.0,21606.0,21551.0,21551.0,1378,2025-07-05 07:52:57
MTX00,MINUTE,2025/06/06 08:48,,21552.0,21562.0,21550.0,21558.0,548,2025-07-05 07:52:57
MTX00,MINUTE,2025/06/06 08:49,,21558.0,21570.0,21553.0,21569.0,492,2025-07-05 07:52:57
MTX00,MINUTE,2025/06/06 08:50,,21567.0,21592.0,21565.0,21588.0,626,2025-07-05 07:52:57
MTX00,MINUTE,2025/06/06 08:51,,21587.0,21596.0,21573.0,21577.0,648,2025-07-05 07:52:57
MTX00,MINUTE,2025/06/06 08:52,,21577.0,21578.0,21569.0,21570.0,278,2025-07-05 07:52:57
MTX00,MINUTE,2025/06/06 08:53,,21570.0,21582.0,21566.0,21579.0,322,2025-07-05 07:52:57
MTX00,MINUTE,2025/06/06 08:54,,21579.0,21588.0,21577.0,21585.0,359,2025-07-05 07:52:57
MTX00,MINUTE,2025/06/06 08:55,,21584.0,21591.0,21582.0,21588.0,287,2025-07-05 07:52:57
MTX00,MINUTE,2025/06/06 08:56,,21588.0,21594.0,21576.0,21584.0,366,2025-07-05 07:52:57
MTX00,MINUTE,2025/06/06 08:57,,21582.0,21586.0,21581.0,21583.0,120,2025-07-05 07:52:57
MTX00,MINUTE,2025/06/06 08:58,,21582.0,21591.0,21580.0,21590.0,167,2025-07-05 07:52:57
MTX00,MINUTE,2025/06/06 08:59,,21589.0,21594.0,21576.0,21576.0,332,2025-07-05 07:52:57
MTX00,MINUTE,2025/06/06 09:00,,21576.0,21576.0,21563.0,21569.0,472,2025-07-05 07:52:57
MTX00,MINUTE,2025/06/06 09:01,,21568.0,21578.0,21548.0,21549.0,1091,2025-07-05 07:52:57
MTX00,MINUTE,2025/06/06 09:02,,21550.0,21560.0,21532.0,21543.0,1464,2025-07-05 07:52:57
MTX00,MINUTE,2025/06/06 09:03,,21544.0,21560.0,21535.0,21557.0,608,2025-07-05 07:52:57
MTX00,MINUTE,2025/06/06 09:04,,21556.0,21563.0,21535.0,21540.0,855,2025-07-05 07:52:57
MTX00,MINUTE,2025/06/06 09:05,,21541.0,21550.0,21535.0,21535.0,383,2025-07-05 07:52:57
MTX00,MINUTE,2025/06/06 09:06,,21537.0,21550.0,21536.0,21538.0,504,2025-07-05 07:52:57
MTX00,MINUTE,2025/06/06 09:07,,21537.0,21541.0,21526.0,21537.0,703,2025-07-05 07:52:57
MTX00,MINUTE,2025/06/06 09:08,,21536.0,21555.0,21533.0,21554.0,592,2025-07-05 07:52:57
MTX00,MINUTE,2025/06/06 09:09,,21553.0,21575.0,21553.0,21574.0,1051,2025-07-05 07:52:57
MTX00,MINUTE,2025/06/06 09:10,,21573.0,21575.0,21562.0,21570.0,385,2025-07-05 07:52:57
MTX00,MINUTE,2025/06/06 09:11,,21571.0,21583.0,21560.0,21560.0,860,2025-07-05 07:52:57
MTX00,MINUTE,2025/06/06 09:12,,21562.0,21575.0,21558.0,21567.0,317,2025-07-05 07:52:57
MTX00,MINUTE,2025/06/06 09:13,,21567.0,21570.0,21558.0,21566.0,293,2025-07-05 07:52:57
MTX00,MINUTE,2025/06/06 09:14,,21568.0,21588.0,21568.0,21585.0,740,2025-07-05 07:52:57
MTX00,MINUTE,2025/06/06 09:15,,21585.0,21588.0,21580.0,21588.0,316,2025-07-05 07:52:57
MTX00,MINUTE,2025/06/06 09:16,,21587.0,21626.0,21583.0,21617.0,2434,2025-07-05 07:52:57
MTX00,MINUTE,2025/06/06 09:17,,21619.0,21630.0,21613.0,21627.0,1123,2025-07-05 07:52:57
MTX00,MINUTE,2025/06/06 09:18,,21627.0,21629.0,21613.0,21614.0,483,2025-07-05 07:52:57
MTX00,MINUTE,2025/06/06 09:19,,21614.0,21617.0,21594.0,21595.0,735,2025-07-05 07:52:57
MTX00,MINUTE,2025/06/06 09:20,,21597.0,21598.0,21582.0,21590.0,808,2025-07-05 07:52:57
MTX00,MINUTE,2025/06/06 09:21,,21590.0,21592.0,21570.0,21577.0,840,2025-07-05 07:52:57
MTX00,MINUTE,2025/06/06 09:22,,21577.0,21589.0,21568.0,21589.0,712,2025-07-05 07:52:57
MTX00,MINUTE,2025/06/06 09:23,,21586.0,21604.0,21583.0,21602.0,678,2025-07-05 07:52:57
MTX00,MINUTE,2025/06/06 09:24,,21602.0,21608.0,21585.0,21587.0,535,2025-07-05 07:52:57
MTX00,MINUTE,2025/06/06 09:25,,21588.0,21593.0,21584.0,21587.0,301,2025-07-05 07:52:57
MTX00,MINUTE,2025/06/06 09:26,,21588.0,21603.0,21588.0,21603.0,367,2025-07-05 07:52:57
MTX00,MINUTE,2025/06/06 09:27,,21603.0,21607.0,21593.0,21602.0,405,2025-07-05 07:52:57
MTX00,MINUTE,2025/06/06 09:28,,21602.0,21602.0,21590.0,21591.0,183,2025-07-05 07:52:57
MTX00,MINUTE,2025/06/06 09:29,,21591.0,21591.0,21579.0,21580.0,521,2025-07-05 07:52:57
MTX00,MINUTE,2025/06/06 09:30,,21582.0,21586.0,21572.0,21584.0,448,2025-07-05 07:52:57
MTX00,MINUTE,2025/06/06 09:31,,21583.0,21588.0,21576.0,21578.0,274,2025-07-05 07:52:57
MTX00,MINUTE,2025/06/06 09:32,,21581.0,21587.0,21572.0,21573.0,320,2025-07-05 07:52:57
MTX00,MINUTE,2025/06/06 09:33,,21574.0,21581.0,21556.0,21559.0,760,2025-07-05 07:52:57
MTX00,MINUTE,2025/06/06 09:34,,21557.0,21570.0,21557.0,21567.0,562,2025-07-05 07:52:57
MTX00,MINUTE,2025/06/06 09:35,,21566.0,21579.0,21564.0,21579.0,406,2025-07-05 07:52:57
MTX00,MINUTE,2025/06/06 09:36,,21578.0,21599.0,21578.0,21583.0,842,2025-07-05 07:52:57
MTX00,MINUTE,2025/06/06 09:37,,21581.0,21586.0,21569.0,21579.0,362,2025-07-05 07:52:57
MTX00,MINUTE,2025/06/06 09:38,,21581.0,21584.0,21577.0,21582.0,146,2025-07-05 07:52:57
MTX00,MINUTE,2025/06/06 09:39,,21581.0,21581.0,21569.0,21579.0,231,2025-07-05 07:52:57
MTX00,MINUTE,2025/06/06 09:40,,21578.0,21578.0,21565.0,21568.0,237,2025-07-05 07:52:57
MTX00,MINUTE,2025/06/06 09:41,,21569.0,21574.0,21550.0,21557.0,651,2025-07-05 07:52:57
MTX00,MINUTE,2025/06/06 09:42,,21557.0,21557.0,21536.0,21553.0,778,2025-07-05 07:52:57
MTX00,MINUTE,2025/06/06 09:43,,21553.0,21564.0,21550.0,21555.0,354,2025-07-05 07:52:57
MTX00,MINUTE,2025/06/06 09:44,,21555.0,21573.0,21555.0,21570.0,390,2025-07-05 07:52:57
MTX00,MINUTE,2025/06/06 09:45,,21571.0,21576.0,21565.0,21565.0,383,2025-07-05 07:52:57
MTX00,MINUTE,2025/06/06 09:46,,21567.0,21568.0,21555.0,21556.0,310,2025-07-05 07:52:57
MTX00,MINUTE,2025/06/06 09:47,,21555.0,21556.0,21538.0,21546.0,774,2025-07-05 07:52:57
MTX00,MINUTE,2025/06/06 09:48,,21548.0,21548.0,21542.0,21543.0,202,2025-07-05 07:52:57
MTX00,MINUTE,2025/06/06 09:49,,21543.0,21567.0,21543.0,21557.0,463,2025-07-05 07:52:57
MTX00,MINUTE,2025/06/06 09:50,,21557.0,21565.0,21554.0,21565.0,197,2025-07-05 07:52:57
MTX00,MINUTE,2025/06/06 09:51,,21563.0,21571.0,21554.0,21558.0,372,2025-07-05 07:52:57
MTX00,MINUTE,2025/06/06 09:52,,21557.0,21558.0,21548.0,21551.0,259,2025-07-05 07:52:57
MTX00,MINUTE,2025/06/06 09:53,,21553.0,21555.0,21544.0,21544.0,272,2025-07-05 07:52:57
MTX00,MINUTE,2025/06/06 09:54,,21545.0,21547.0,21531.0,21545.0,692,2025-07-05 07:52:57
MTX00,MINUTE,2025/06/06 09:55,,21543.0,21555.0,21543.0,21546.0,206,2025-07-05 07:52:57
MTX00,MINUTE,2025/06/06 09:56,,21546.0,21555.0,21544.0,21554.0,194,2025-07-05 07:52:57
MTX00,MINUTE,2025/06/06 09:57,,21552.0,21556.0,21541.0,21545.0,221,2025-07-05 07:52:57
MTX00,MINUTE,2025/06/06 09:58,,21545.0,21555.0,21541.0,21546.0,174,2025-07-05 07:52:57
MTX00,MINUTE,2025/06/06 09:59,,21545.0,21554.0,21536.0,21539.0,349,2025-07-05 07:52:57
MTX00,MINUTE,2025/06/06 10:00,,21539.0,21545.0,21536.0,21541.0,189,2025-07-05 07:52:57
MTX00,MINUTE,2025/06/06 10:01,,21541.0,21545.0,21526.0,21531.0,798,2025-07-05 07:52:57
MTX00,MINUTE,2025/06/06 10:02,,21531.0,21540.0,21528.0,21535.0,401,2025-07-05 07:52:57
MTX00,MINUTE,2025/06/06 10:03,,21533.0,21535.0,21523.0,21528.0,343,2025-07-05 07:52:57
MTX00,MINUTE,2025/06/06 10:04,,21526.0,21541.0,21525.0,21537.0,350,2025-07-05 07:52:57
MTX00,MINUTE,2025/06/06 10:05,,21537.0,21541.0,21533.0,21536.0,176,2025-07-05 07:52:57
MTX00,MINUTE,2025/06/06 10:06,,21537.0,21543.0,21534.0,21535.0,208,2025-07-05 07:52:57
MTX00,MINUTE,2025/06/06 10:07,,21535.0,21550.0,21534.0,21546.0,306,2025-07-05 07:52:57
MTX00,MINUTE,2025/06/06 10:08,,21547.0,21550.0,21540.0,21545.0,204,2025-07-05 07:52:57
MTX00,MINUTE,2025/06/06 10:09,,21544.0,21550.0,21535.0,21537.0,206,2025-07-05 07:52:57
MTX00,MINUTE,2025/06/06 10:10,,21537.0,21537.0,21520.0,21520.0,672,2025-07-05 07:52:57
MTX00,MINUTE,2025/06/06 10:11,,21521.0,21523.0,21513.0,21521.0,644,2025-07-05 07:52:57
MTX00,MINUTE,2025/06/06 10:12,,21520.0,21530.0,21520.0,21529.0,298,2025-07-05 07:52:57
MTX00,MINUTE,2025/06/06 10:13,,21527.0,21539.0,21527.0,21529.0,321,2025-07-05 07:52:57
MTX00,MINUTE,2025/06/06 10:14,,21532.0,21552.0,21532.0,21552.0,503,2025-07-05 07:52:57
MTX00,MINUTE,2025/06/06 10:15,,21551.0,21552.0,21545.0,21548.0,254,2025-07-05 07:52:57
MTX00,MINUTE,2025/06/06 10:16,,21547.0,21548.0,21530.0,21539.0,410,2025-07-05 07:52:57
MTX00,MINUTE,2025/06/06 10:17,,21539.0,21547.0,21533.0,21546.0,316,2025-07-05 07:52:57
MTX00,MINUTE,2025/06/06 10:18,,21546.0,21547.0,21531.0,21533.0,255,2025-07-05 07:52:57
MTX00,MINUTE,2025/06/06 10:19,,21536.0,21540.0,21527.0,21529.0,225,2025-07-05 07:52:57
MTX00,MINUTE,2025/06/06 10:20,,21529.0,21536.0,21525.0,21534.0,158,2025-07-05 07:52:57
MTX00,MINUTE,2025/06/06 10:21,,21532.0,21543.0,21529.0,21540.0,210,2025-07-05 07:52:57
MTX00,MINUTE,2025/06/06 10:22,,21540.0,21547.0,21540.0,21545.0,208,2025-07-05 07:52:57
MTX00,MINUTE,2025/06/06 10:23,,21545.0,21552.0,21539.0,21540.0,279,2025-07-05 07:52:57
MTX00,MINUTE,2025/06/06 10:24,,21539.0,21551.0,21537.0,21541.0,216,2025-07-05 07:52:57
MTX00,MINUTE,2025/06/06 10:25,,21542.0,21545.0,21533.0,21539.0,126,2025-07-05 07:52:57
MTX00,MINUTE,2025/06/06 10:26,,21537.0,21549.0,21536.0,21549.0,144,2025-07-05 07:52:57
MTX00,MINUTE,2025/06/06 10:27,,21549.0,21552.0,21543.0,21551.0,205,2025-07-05 07:52:57
MTX00,MINUTE,2025/06/06 10:28,,21550.0,21560.0,21550.0,21551.0,559,2025-07-05 07:52:57
MTX00,MINUTE,2025/06/06 10:29,,21552.0,21564.0,21551.0,21560.0,347,2025-07-05 07:52:57
MTX00,MINUTE,2025/06/06 10:30,,21559.0,21563.0,21551.0,21556.0,180,2025-07-05 07:52:57
MTX00,MINUTE,2025/06/06 10:31,,21555.0,21562.0,21551.0,21562.0,197,2025-07-05 07:52:57
MTX00,MINUTE,2025/06/06 10:32,,21562.0,21562.0,21555.0,21557.0,111,2025-07-05 07:52:57
MTX00,MINUTE,2025/06/06 10:33,,21555.0,21562.0,21551.0,21558.0,158,2025-07-05 07:52:57
MTX00,MINUTE,2025/06/06 10:34,,21558.0,21562.0,21556.0,21561.0,93,2025-07-05 07:52:57
MTX00,MINUTE,2025/06/06 10:35,,21562.0,21565.0,21554.0,21562.0,232,2025-07-05 07:52:57
MTX00,MINUTE,2025/06/06 10:36,,21562.0,21564.0,21555.0,21555.0,168,2025-07-05 07:52:57
MTX00,MINUTE,2025/06/06 10:37,,21555.0,21563.0,21554.0,21560.0,117,2025-07-05 07:52:57
MTX00,MINUTE,2025/06/06 10:38,,21560.0,21561.0,21555.0,21561.0,100,2025-07-05 07:52:57
MTX00,MINUTE,2025/06/06 10:39,,21560.0,21560.0,21554.0,21560.0,94,2025-07-05 07:52:57
MTX00,MINUTE,2025/06/06 10:40,,21559.0,21560.0,21556.0,21557.0,54,2025-07-05 07:52:57
MTX00,MINUTE,2025/06/06 10:41,,21555.0,21562.0,21547.0,21560.0,366,2025-07-05 07:52:57
MTX00,MINUTE,2025/06/06 10:42,,21561.0,21562.0,21557.0,21559.0,92,2025-07-05 07:52:57
MTX00,MINUTE,2025/06/06 10:43,,21560.0,21569.0,21560.0,21569.0,252,2025-07-05 07:52:57
MTX00,MINUTE,2025/06/06 10:44,,21568.0,21579.0,21568.0,21572.0,606,2025-07-05 07:52:57
MTX00,MINUTE,2025/06/06 10:45,,21570.0,21573.0,21567.0,21572.0,137,2025-07-05 07:52:57
MTX00,MINUTE,2025/06/06 10:46,,21571.0,21575.0,21570.0,21572.0,187,2025-07-05 07:52:57
MTX00,MINUTE,2025/06/06 10:47,,21572.0,21583.0,21570.0,21570.0,399,2025-07-05 07:52:57
MTX00,MINUTE,2025/06/06 10:48,,21570.0,21573.0,21562.0,21562.0,190,2025-07-05 07:52:57
MTX00,MINUTE,2025/06/06 10:49,,21562.0,21563.0,21555.0,21555.0,273,2025-07-05 07:52:57
MTX00,MINUTE,2025/06/06 10:50,,21555.0,21561.0,21555.0,21561.0,115,2025-07-05 07:52:57
MTX00,MINUTE,2025/06/06 10:51,,21560.0,21567.0,21559.0,21567.0,131,2025-07-05 07:52:57
MTX00,MINUTE,2025/06/06 10:52,,21566.0,21569.0,21558.0,21560.0,136,2025-07-05 07:52:57
MTX00,MINUTE,2025/06/06 10:53,,21560.0,21560.0,21547.0,21552.0,342,2025-07-05 07:52:57
MTX00,MINUTE,2025/06/06 10:54,,21550.0,21556.0,21548.0,21556.0,127,2025-07-05 07:52:57
MTX00,MINUTE,2025/06/06 10:55,,21555.0,21560.0,21555.0,21557.0,67,2025-07-05 07:52:57
MTX00,MINUTE,2025/06/06 10:56,,21558.0,21563.0,21556.0,21563.0,77,2025-07-05 07:52:57
MTX00,MINUTE,2025/06/06 10:57,,21562.0,21565.0,21559.0,21564.0,71,2025-07-05 07:52:57
MTX00,MINUTE,2025/06/06 10:58,,21563.0,21570.0,21562.0,21566.0,178,2025-07-05 07:52:57
MTX00,MINUTE,2025/06/06 10:59,,21568.0,21569.0,21561.0,21567.0,73,2025-07-05 07:52:57
MTX00,MINUTE,2025/06/06 11:00,,21567.0,21569.0,21559.0,21559.0,98,2025-07-05 07:52:57
MTX00,MINUTE,2025/06/06 11:01,,21559.0,21561.0,21554.0,21561.0,136,2025-07-05 07:52:57
MTX00,MINUTE,2025/06/06 11:02,,21562.0,21568.0,21560.0,21563.0,103,2025-07-05 07:52:57
MTX00,MINUTE,2025/06/06 11:03,,21563.0,21565.0,21560.0,21565.0,36,2025-07-05 07:52:57
MTX00,MINUTE,2025/06/06 11:04,,21566.0,21567.0,21554.0,21555.0,99,2025-07-05 07:52:57
MTX00,MINUTE,2025/06/06 11:05,,21555.0,21555.0,21544.0,21545.0,364,2025-07-05 07:52:57
MTX00,MINUTE,2025/06/06 11:06,,21545.0,21550.0,21543.0,21545.0,150,2025-07-05 07:52:57
MTX00,MINUTE,2025/06/06 11:07,,21545.0,21547.0,21535.0,21539.0,362,2025-07-05 07:52:57
MTX00,MINUTE,2025/06/06 11:08,,21540.0,21542.0,21537.0,21542.0,109,2025-07-05 07:52:57
MTX00,MINUTE,2025/06/06 11:09,,21542.0,21544.0,21536.0,21538.0,120,2025-07-05 07:52:57
MTX00,MINUTE,2025/06/06 11:10,,21539.0,21544.0,21537.0,21543.0,65,2025-07-05 07:52:57
MTX00,MINUTE,2025/06/06 11:11,,21542.0,21554.0,21542.0,21548.0,215,2025-07-05 07:52:57
MTX00,MINUTE,2025/06/06 11:12,,21547.0,21550.0,21545.0,21545.0,63,2025-07-05 07:52:57
MTX00,MINUTE,2025/06/06 11:13,,21546.0,21553.0,21546.0,21553.0,68,2025-07-05 07:52:57
MTX00,MINUTE,2025/06/06 11:14,,21553.0,21558.0,21551.0,21554.0,140,2025-07-05 07:52:57
MTX00,MINUTE,2025/06/06 11:15,,21555.0,21558.0,21552.0,21555.0,79,2025-07-05 07:52:57
MTX00,MINUTE,2025/06/06 11:16,,21556.0,21565.0,21555.0,21561.0,244,2025-07-05 07:52:57
MTX00,MINUTE,2025/06/06 11:17,,21561.0,21564.0,21558.0,21560.0,70,2025-07-05 07:52:57
MTX00,MINUTE,2025/06/06 11:18,,21560.0,21560.0,21551.0,21553.0,91,2025-07-05 07:52:57
MTX00,MINUTE,2025/06/06 11:19,,21553.0,21555.0,21551.0,21552.0,75,2025-07-05 07:52:57
MTX00,MINUTE,2025/06/06 11:20,,21554.0,21561.0,21554.0,21557.0,143,2025-07-05 07:52:57
MTX00,MINUTE,2025/06/06 11:21,,21558.0,21562.0,21558.0,21559.0,46,2025-07-05 07:52:57
MTX00,MINUTE,2025/06/06 11:22,,21560.0,21564.0,21559.0,21563.0,80,2025-07-05 07:52:57
MTX00,MINUTE,2025/06/06 11:23,,21563.0,21574.0,21562.0,21571.0,338,2025-07-05 07:52:57
MTX00,MINUTE,2025/06/06 11:24,,21571.0,21577.0,21570.0,21576.0,182,2025-07-05 07:52:57
MTX00,MINUTE,2025/06/06 11:25,,21576.0,21580.0,21571.0,21578.0,283,2025-07-05 07:52:57
MTX00,MINUTE,2025/06/06 11:26,,21579.0,21582.0,21574.0,21575.0,290,2025-07-05 07:52:57
MTX00,MINUTE,2025/06/06 11:27,,21575.0,21577.0,21569.0,21571.0,176,2025-07-05 07:52:57
MTX00,MINUTE,2025/06/06 11:28,,21570.0,21571.0,21568.0,21570.0,54,2025-07-05 07:52:57
MTX00,MINUTE,2025/06/06 11:29,,21570.0,21570.0,21566.0,21566.0,77,2025-07-05 07:52:57
MTX00,MINUTE,2025/06/06 11:30,,21566.0,21569.0,21561.0,21567.0,112,2025-07-05 07:52:57
MTX00,MINUTE,2025/06/06 11:31,,21566.0,21568.0,21558.0,21559.0,159,2025-07-05 07:52:57
MTX00,MINUTE,2025/06/06 11:32,,21560.0,21565.0,21560.0,21562.0,60,2025-07-05 07:52:57
MTX00,MINUTE,2025/06/06 11:33,,21562.0,21562.0,21558.0,21560.0,71,2025-07-05 07:52:57
MTX00,MINUTE,2025/06/06 11:34,,21560.0,21561.0,21556.0,21560.0,71,2025-07-05 07:52:57
MTX00,MINUTE,2025/06/06 11:35,,21560.0,21562.0,21558.0,21558.0,54,2025-07-05 07:52:57
MTX00,MINUTE,2025/06/06 11:36,,21557.0,21559.0,21552.0,21552.0,124,2025-07-05 07:52:57
MTX00,MINUTE,2025/06/06 11:37,,21553.0,21558.0,21549.0,21558.0,148,2025-07-05 07:52:57
MTX00,MINUTE,2025/06/06 11:38,,21558.0,21559.0,21553.0,21553.0,88,2025-07-05 07:52:57
MTX00,MINUTE,2025/06/06 11:39,,21553.0,21554.0,21550.0,21553.0,69,2025-07-05 07:52:57
MTX00,MINUTE,2025/06/06 11:40,,21552.0,21560.0,21552.0,21557.0,61,2025-07-05 07:52:57
MTX00,MINUTE,2025/06/06 11:41,,21558.0,21558.0,21553.0,21554.0,63,2025-07-05 07:52:57
MTX00,MINUTE,2025/06/06 11:42,,21554.0,21555.0,21549.0,21554.0,77,2025-07-05 07:52:57
MTX00,MINUTE,2025/06/06 11:43,,21553.0,21555.0,21551.0,21552.0,46,2025-07-05 07:52:57
MTX00,MINUTE,2025/06/06 11:44,,21551.0,21555.0,21551.0,21552.0,40,2025-07-05 07:52:57
MTX00,MINUTE,2025/06/06 11:45,,21552.0,21554.0,21550.0,21552.0,54,2025-07-05 07:52:57
MTX00,MINUTE,2025/06/06 11:46,,21552.0,21557.0,21551.0,21554.0,90,2025-07-05 07:52:57
MTX00,MINUTE,2025/06/06 11:47,,21554.0,21555.0,21550.0,21552.0,70,2025-07-05 07:52:57
MTX00,MINUTE,2025/06/06 11:48,,21552.0,21554.0,21549.0,21551.0,36,2025-07-05 07:52:57
MTX00,MINUTE,2025/06/06 11:49,,21551.0,21553.0,21550.0,21552.0,40,2025-07-05 07:52:57
MTX00,MINUTE,2025/06/06 11:50,,21552.0,21557.0,21552.0,21553.0,100,2025-07-05 07:52:57
MTX00,MINUTE,2025/06/06 11:51,,21552.0,21559.0,21552.0,21555.0,75,2025-07-05 07:52:57
MTX00,MINUTE,2025/06/06 11:52,,21555.0,21556.0,21554.0,21555.0,13,2025-07-05 07:52:57
MTX00,MINUTE,2025/06/06 11:53,,21555.0,21556.0,21553.0,21555.0,35,2025-07-05 07:52:57
MTX00,MINUTE,2025/06/06 11:54,,21554.0,21555.0,21547.0,21553.0,237,2025-07-05 07:52:57
MTX00,MINUTE,2025/06/06 11:55,,21552.0,21556.0,21551.0,21556.0,52,2025-07-05 07:52:57
MTX00,MINUTE,2025/06/06 11:56,,21556.0,21556.0,21548.0,21551.0,69,2025-07-05 07:52:57
MTX00,MINUTE,2025/06/06 11:57,,21550.0,21553.0,21550.0,21551.0,22,2025-07-05 07:52:57
MTX00,MINUTE,2025/06/06 11:58,,21552.0,21555.0,21550.0,21554.0,32,2025-07-05 07:52:57
MTX00,MINUTE,2025/06/06 11:59,,21555.0,21559.0,21554.0,21557.0,89,2025-07-05 07:52:57
MTX00,MINUTE,2025/06/06 12:00,,21556.0,21556.0,21552.0,21552.0,20,2025-07-05 07:52:57
MTX00,MINUTE,2025/06/06 12:01,,21551.0,21556.0,21550.0,21554.0,47,2025-07-05 07:52:57
MTX00,MINUTE,2025/06/06 12:02,,21553.0,21553.0,21547.0,21550.0,109,2025-07-05 07:52:57
MTX00,MINUTE,2025/06/06 12:03,,21549.0,21549.0,21547.0,21547.0,54,2025-07-05 07:52:57
MTX00,MINUTE,2025/06/06 12:04,,21547.0,21548.0,21542.0,21543.0,200,2025-07-05 07:52:57
MTX00,MINUTE,2025/06/06 12:05,,21542.0,21544.0,21538.0,21542.0,241,2025-07-05 07:52:57
MTX00,MINUTE,2025/06/06 12:06,,21540.0,21545.0,21538.0,21544.0,95,2025-07-05 07:52:57
MTX00,MINUTE,2025/06/06 12:07,,21543.0,21548.0,21540.0,21548.0,84,2025-07-05 07:52:57
MTX00,MINUTE,2025/06/06 12:08,,21548.0,21550.0,21546.0,21548.0,44,2025-07-05 07:52:57
MTX00,MINUTE,2025/06/06 12:09,,21548.0,21548.0,21543.0,21545.0,51,2025-07-05 07:52:57
MTX00,MINUTE,2025/06/06 12:10,,21545.0,21546.0,21543.0,21543.0,24,2025-07-05 07:52:57
MTX00,MINUTE,2025/06/06 12:11,,21544.0,21554.0,21544.0,21550.0,187,2025-07-05 07:52:57
MTX00,MINUTE,2025/06/06 12:12,,21551.0,21551.0,21548.0,21550.0,52,2025-07-05 07:52:57
MTX00,MINUTE,2025/06/06 12:13,,21549.0,21550.0,21546.0,21547.0,56,2025-07-05 07:52:57
MTX00,MINUTE,2025/06/06 12:14,,21547.0,21549.0,21547.0,21547.0,17,2025-07-05 07:52:57
MTX00,MINUTE,2025/06/06 12:15,,21546.0,21550.0,21544.0,21545.0,46,2025-07-05 07:52:57
MTX00,MINUTE,2025/06/06 12:16,,21545.0,21549.0,21545.0,21547.0,43,2025-07-05 07:52:57
MTX00,MINUTE,2025/06/06 12:17,,21547.0,21548.0,21541.0,21545.0,111,2025-07-05 07:52:57
MTX00,MINUTE,2025/06/06 12:18,,21544.0,21549.0,21544.0,21547.0,32,2025-07-05 07:52:57
MTX00,MINUTE,2025/06/06 12:19,,21549.0,21551.0,21548.0,21549.0,49,2025-07-05 07:52:57
MTX00,MINUTE,2025/06/06 12:20,,21549.0,21551.0,21549.0,21549.0,40,2025-07-05 07:52:57
MTX00,MINUTE,2025/06/06 12:21,,21549.0,21552.0,21548.0,21550.0,35,2025-07-05 07:52:57
MTX00,MINUTE,2025/06/06 12:22,,21551.0,21554.0,21551.0,21552.0,82,2025-07-05 07:52:57
MTX00,MINUTE,2025/06/06 12:23,,21552.0,21552.0,21550.0,21551.0,35,2025-07-05 07:52:57
MTX00,MINUTE,2025/06/06 12:24,,21550.0,21554.0,21548.0,21554.0,46,2025-07-05 07:52:57
MTX00,MINUTE,2025/06/06 12:25,,21552.0,21553.0,21551.0,21552.0,43,2025-07-05 07:52:57
MTX00,MINUTE,2025/06/06 12:26,,21551.0,21551.0,21546.0,21547.0,60,2025-07-05 07:52:57
MTX00,MINUTE,2025/06/06 12:27,,21547.0,21547.0,21539.0,21545.0,204,2025-07-05 07:52:57
MTX00,MINUTE,2025/06/06 12:28,,21546.0,21546.0,21543.0,21544.0,40,2025-07-05 07:52:57
MTX00,MINUTE,2025/06/06 12:29,,21545.0,21548.0,21545.0,21547.0,24,2025-07-05 07:52:57
MTX00,MINUTE,2025/06/06 12:30,,21548.0,21549.0,21545.0,21549.0,28,2025-07-05 07:52:57
MTX00,MINUTE,2025/06/06 12:31,,21548.0,21550.0,21547.0,21549.0,28,2025-07-05 07:52:57
MTX00,MINUTE,2025/06/06 12:32,,21548.0,21549.0,21547.0,21548.0,27,2025-07-05 07:52:57
MTX00,MINUTE,2025/06/06 12:33,,21547.0,21548.0,21545.0,21546.0,28,2025-07-05 07:52:57
MTX00,MINUTE,2025/06/06 12:34,,21546.0,21547.0,21544.0,21544.0,39,2025-07-05 07:52:57
MTX00,MINUTE,2025/06/06 12:35,,21544.0,21546.0,21541.0,21544.0,54,2025-07-05 07:52:57
MTX00,MINUTE,2025/06/06 12:36,,21544.0,21544.0,21540.0,21541.0,52,2025-07-05 07:52:57
MTX00,MINUTE,2025/06/06 12:37,,21540.0,21542.0,21539.0,21540.0,85,2025-07-05 07:52:57
MTX00,MINUTE,2025/06/06 12:38,,21542.0,21543.0,21540.0,21541.0,29,2025-07-05 07:52:57
MTX00,MINUTE,2025/06/06 12:39,,21541.0,21550.0,21541.0,21549.0,112,2025-07-05 07:52:57
MTX00,MINUTE,2025/06/06 12:40,,21549.0,21555.0,21546.0,21546.0,241,2025-07-05 07:52:57
MTX00,MINUTE,2025/06/06 12:41,,21546.0,21550.0,21545.0,21549.0,77,2025-07-05 07:52:57
MTX00,MINUTE,2025/06/06 12:42,,21548.0,21550.0,21547.0,21547.0,24,2025-07-05 07:52:57
MTX00,MINUTE,2025/06/06 12:43,,21549.0,21570.0,21549.0,21568.0,434,2025-07-05 07:52:57
MTX00,MINUTE,2025/06/06 12:44,,21568.0,21570.0,21561.0,21563.0,221,2025-07-05 07:52:57
MTX00,MINUTE,2025/06/06 12:45,,21564.0,21572.0,21564.0,21570.0,253,2025-07-05 07:52:57
MTX00,MINUTE,2025/06/06 12:46,,21570.0,21572.0,21567.0,21568.0,203,2025-07-05 07:52:57
MTX00,MINUTE,2025/06/06 12:47,,21567.0,21573.0,21566.0,21568.0,142,2025-07-05 07:52:57
MTX00,MINUTE,2025/06/06 12:48,,21570.0,21578.0,21568.0,21577.0,266,2025-07-05 07:52:57
MTX00,MINUTE,2025/06/06 12:49,,21576.0,21580.0,21574.0,21576.0,178,2025-07-05 07:52:57
MTX00,MINUTE,2025/06/06 12:50,,21575.0,21576.0,21570.0,21571.0,135,2025-07-05 07:52:57
MTX00,MINUTE,2025/06/06 12:51,,21571.0,21575.0,21570.0,21570.0,55,2025-07-05 07:52:57
MTX00,MINUTE,2025/06/06 12:52,,21571.0,21573.0,21570.0,21572.0,69,2025-07-05 07:52:57
MTX00,MINUTE,2025/06/06 12:53,,21572.0,21573.0,21565.0,21566.0,135,2025-07-05 07:52:57
MTX00,MINUTE,2025/06/06 12:54,,21566.0,21569.0,21564.0,21564.0,70,2025-07-05 07:52:57
MTX00,MINUTE,2025/06/06 12:55,,21564.0,21570.0,21563.0,21570.0,71,2025-07-05 07:52:57
MTX00,MINUTE,2025/06/06 12:56,,21569.0,21570.0,21567.0,21567.0,42,2025-07-05 07:52:57
MTX00,MINUTE,2025/06/06 12:57,,21567.0,21567.0,21564.0,21565.0,65,2025-07-05 07:52:57
MTX00,MINUTE,2025/06/06 12:58,,21565.0,21572.0,21565.0,21569.0,63,2025-07-05 07:52:57
MTX00,MINUTE,2025/06/06 12:59,,21569.0,21571.0,21568.0,21570.0,46,2025-07-05 07:52:57
MTX00,MINUTE,2025/06/06 13:00,,21570.0,21575.0,21570.0,21575.0,110,2025-07-05 07:52:57
MTX00,MINUTE,2025/06/06 13:01,,21574.0,21585.0,21573.0,21581.0,481,2025-07-05 07:52:57
MTX00,MINUTE,2025/06/06 13:02,,21581.0,21584.0,21578.0,21580.0,142,2025-07-05 07:52:57
MTX00,MINUTE,2025/06/06 13:03,,21581.0,21590.0,21581.0,21589.0,289,2025-07-05 07:52:57
MTX00,MINUTE,2025/06/06 13:04,,21589.0,21594.0,21588.0,21592.0,261,2025-07-05 07:52:57
MTX00,MINUTE,2025/06/06 13:05,,21591.0,21591.0,21586.0,21589.0,137,2025-07-05 07:52:57
MTX00,MINUTE,2025/06/06 13:06,,21589.0,21593.0,21588.0,21590.0,139,2025-07-05 07:52:57
MTX00,MINUTE,2025/06/06 13:07,,21592.0,21592.0,21584.0,21584.0,108,2025-07-05 07:52:57
MTX00,MINUTE,2025/06/06 13:08,,21585.0,21590.0,21584.0,21588.0,70,2025-07-05 07:52:57
MTX00,MINUTE,2025/06/06 13:09,,21588.0,21591.0,21587.0,21588.0,96,2025-07-05 07:52:57
MTX00,MINUTE,2025/06/06 13:10,,21590.0,21591.0,21587.0,21588.0,59,2025-07-05 07:52:57
MTX00,MINUTE,2025/06/06 13:11,,21587.0,21587.0,21584.0,21584.0,80,2025-07-05 07:52:57
MTX00,MINUTE,2025/06/06 13:12,,21584.0,21585.0,21582.0,21584.0,76,2025-07-05 07:52:57
MTX00,MINUTE,2025/06/06 13:13,,21584.0,21588.0,21583.0,21587.0,83,2025-07-05 07:52:57
MTX00,MINUTE,2025/06/06 13:14,,21586.0,21588.0,21585.0,21588.0,61,2025-07-05 07:52:57
MTX00,MINUTE,2025/06/06 13:15,,21588.0,21590.0,21586.0,21586.0,88,2025-07-05 07:52:57
MTX00,MINUTE,2025/06/06 13:16,,21587.0,21593.0,21586.0,21591.0,221,2025-07-05 07:52:57
MTX00,MINUTE,2025/06/06 13:17,,21591.0,21598.0,21591.0,21595.0,234,2025-07-05 07:52:57
MTX00,MINUTE,2025/06/06 13:18,,21594.0,21596.0,21590.0,21593.0,138,2025-07-05 07:52:57
MTX00,MINUTE,2025/06/06 13:19,,21594.0,21595.0,21591.0,21592.0,55,2025-07-05 07:52:57
MTX00,MINUTE,2025/06/06 13:20,,21592.0,21593.0,21588.0,21588.0,82,2025-07-05 07:52:57
MTX00,MINUTE,2025/06/06 13:21,,21588.0,21589.0,21585.0,21588.0,97,2025-07-05 07:52:57
MTX00,MINUTE,2025/06/06 13:22,,21587.0,21592.0,21586.0,21591.0,70,2025-07-05 07:52:57
MTX00,MINUTE,2025/06/06 13:23,,21591.0,21596.0,21589.0,21595.0,196,2025-07-05 07:52:57
MTX00,MINUTE,2025/06/06 13:24,,21596.0,21598.0,21593.0,21593.0,123,2025-07-05 07:52:57
MTX00,MINUTE,2025/06/06 13:25,,21593.0,21594.0,21588.0,21588.0,132,2025-07-05 07:52:57
MTX00,MINUTE,2025/06/06 13:26,,21587.0,21591.0,21585.0,21590.0,149,2025-07-05 07:52:57
MTX00,MINUTE,2025/06/06 13:27,,21589.0,21592.0,21583.0,21585.0,191,2025-07-05 07:52:57
MTX00,MINUTE,2025/06/06 13:28,,21585.0,21590.0,21582.0,21587.0,201,2025-07-05 07:52:57
MTX00,MINUTE,2025/06/06 13:29,,21589.0,21590.0,21583.0,21587.0,284,2025-07-05 07:52:57
MTX00,MINUTE,2025/06/06 13:30,,21586.0,21588.0,21581.0,21582.0,223,2025-07-05 07:52:57
MTX00,MINUTE,2025/06/06 13:31,,21585.0,21589.0,21583.0,21584.0,405,2025-07-05 07:52:57
MTX00,MINUTE,2025/06/06 13:32,,21584.0,21586.0,21581.0,21584.0,249,2025-07-05 07:52:57
MTX00,MINUTE,2025/06/06 13:33,,21584.0,21586.0,21582.0,21584.0,78,2025-07-05 07:52:57
MTX00,MINUTE,2025/06/06 13:34,,21584.0,21585.0,21578.0,21579.0,201,2025-07-05 07:52:57
MTX00,MINUTE,2025/06/06 13:35,,21579.0,21582.0,21579.0,21579.0,83,2025-07-05 07:52:57
MTX00,MINUTE,2025/06/06 13:36,,21580.0,21587.0,21579.0,21585.0,212,2025-07-05 07:52:57
MTX00,MINUTE,2025/06/06 13:37,,21584.0,21584.0,21580.0,21580.0,99,2025-07-05 07:52:57
MTX00,MINUTE,2025/06/06 13:38,,21581.0,21584.0,21580.0,21581.0,59,2025-07-05 07:52:57
MTX00,MINUTE,2025/06/06 13:39,,21581.0,21582.0,21580.0,21581.0,60,2025-07-05 07:52:57
MTX00,MINUTE,2025/06/06 13:40,,21581.0,21582.0,21575.0,21580.0,355,2025-07-05 07:52:57
MTX00,MINUTE,2025/06/06 13:41,,21579.0,21582.0,21577.0,21579.0,81,2025-07-05 07:52:57
MTX00,MINUTE,2025/06/06 13:42,,21577.0,21579.0,21577.0,21577.0,68,2025-07-05 07:52:57
MTX00,MINUTE,2025/06/06 13:43,,21578.0,21579.0,21575.0,21576.0,88,2025-07-05 07:52:57
MTX00,MINUTE,2025/06/06 13:44,,21576.0,21577.0,21565.0,21566.0,509,2025-07-05 07:52:57
MTX00,MINUTE,2025/06/06 13:45,,21567.0,21582.0,21566.0,21566.0,654,2025-07-05 07:52:57
